run, time(ms), current (A), voltage(mV), power (W), current_range, current_lsb, voltage_lsb
0, 0.000000, -0.000017, 2.829627, -0.000047, 3.000000, 0.000000, 0.817118
1, 10.947748, -0.000025, 2.829103, -0.000072, 3.000000, 0.000000, 0.223116
2, 21.895495, 0.000052, 2.828441, 0.000147, 3.000000, 0.000000, 0.646763
3, 32.843243, -0.000056, 2.829535, -0.000158, 3.000000, 0.000000, 0.393380
4, 43.790991, 0.000066, 2.828026, 0.000186, 3.000000, 0.000000, 0.475951
5, 54.738739, -0.000066, 2.829723, -0.000187, 3.000000, 0.000000, 0.563917
6, 65.686486, 0.000061, 2.827873, 0.000173, 3.000000, 0.000000, 0.305322
7, 76.634234, -0.000062, 2.829723, -0.000174, 3.000000, 0.000000, 0.734089
8, 87.581982, 0.000055, 2.827726, 0.000157, 3.000000, 0.000000, 0.135059
9, 98.529730, -0.000056, 2.829671, -0.000159, 3.000000, 0.000000, 0.869696
10, 109.477477, 0.000036, 2.827795, 0.000103, 3.000000, 0.000000, 0.075073
11, 120.425225, -0.000006, 2.828968, -0.000017, 3.000000, 0.000000, 0.794623
12, 131.372973, -0.000033, 2.828743, -0.000093, 3.000000, 0.000000, 0.245519
13, 142.320721, 0.000057, 2.827895, 0.000162, 3.000000, 0.000000, 0.624086
14, 153.268468, -0.000058, 2.829120, -0.000164, 3.000000, 0.000000, 0.416240
15, 164.216216, 0.000066, 2.827508, 0.000186, 3.000000, 0.000000, 0.453822
16, 175.163964, -0.000067, 2.829266, -0.000189, 3.000000, 0.000000, 0.586595
17, 186.111712, 0.000061, 2.827346, 0.000173, 3.000000, 0.000000, 0.283376
18, 197.059459, -0.000062, 2.829236, -0.000175, 3.000000, 0.000000, 0.757315
19, 208.007207, 0.000055, 2.827196, 0.000155, 3.000000, 0.000000, 0.112473
20, 218.954955, -0.000055, 2.829198, -0.000155, 3.000000, 0.000000, 0.869788
21, 229.902703, 0.000032, 2.827370, 0.000089, 3.000000, 0.000000, 0.098208
22, 240.850450, 0.000001, 2.828345, 0.000004, 3.000000, 0.000000, 0.772037
23, 251.798198, -0.000035, 2.828245, -0.000099, 3.000000, 0.000000, 0.268563
24, 262.745946, 0.000060, 2.827360, 0.000169, 3.000000, 0.000000, 0.601774
25, 273.693694, -0.000061, 2.828703, -0.000173, 3.000000, 0.000000, 0.438734
26, 284.641441, 0.000066, 2.827015, 0.000185, 3.000000, 0.000000, 0.431236
27, 295.589189, -0.000066, 2.828740, -0.000187, 3.000000, 0.000000, 0.609272
28, 306.536937, 0.000060, 2.826861, 0.000169, 3.000000, 0.000000, 0.260516
29, 317.484685, -0.000061, 2.828755, -0.000173, 3.000000, 0.000000, 0.779627
30, 328.432432, 0.000053, 2.826748, 0.000149, 3.000000, 0.000000, 0.090069
31, 339.380180, -0.000048, 2.828643, -0.000135, 3.000000, 0.000000, 0.869879
32, 350.327928, 0.000020, 2.827072, 0.000055, 3.000000, 0.000000, 0.120885
33, 361.275676, 0.000012, 2.827707, 0.000033, 3.000000, 0.000000, 0.749268
34, 372.223423, -0.000039, 2.827885, -0.000109, 3.000000, 0.000000, 0.291423
35, 383.171171, 0.000062, 2.826787, 0.000174, 3.000000, 0.000000, 0.579005
36, 394.118919, -0.000063, 2.828249, -0.000177, 3.000000, 0.000000, 0.461595
37, 405.066667, 0.000065, 2.826533, 0.000183, 3.000000, 0.000000, 0.408010
38, 416.014414, -0.000065, 2.828301, -0.000184, 3.000000, 0.000000, 0.632041
39, 426.962162, 0.000060, 2.826349, 0.000169, 3.000000, 0.000000, 0.237655
40, 437.909910, -0.000061, 2.828292, -0.000173, 3.000000, 0.000000, 0.802304
41, 448.857658, 0.000053, 2.826247, 0.000149, 3.000000, 0.000000, 0.066935
42, 459.805405, -0.000043, 2.828061, -0.000123, 3.000000, 0.000000, 0.869605
43, 470.753153, 0.000010, 2.826688, 0.000027, 3.000000, 0.000000, 0.143288
44, 481.700901, 0.000020, 2.827081, 0.000057, 3.000000, 0.000000, 0.726591
45, 492.648649, -0.000042, 2.827394, -0.000119, 3.000000, 0.000000, 0.314009
46, 503.596396, 0.000063, 2.826268, 0.000178, 3.000000, 0.000000, 0.556145
47, 514.544144, -0.000064, 2.827751, -0.000182, 3.000000, 0.000000, 0.484455
48, 525.491892, 0.000065, 2.826014, 0.000184, 3.000000, 0.000000, 0.385699
49, 536.439640, -0.000065, 2.827815, -0.000184, 3.000000, 0.000000, 0.654810
50, 547.387387, 0.000060, 2.825878, 0.000169, 3.000000, 0.000000, 0.215527
51, 558.335135, -0.000061, 2.827811, -0.000172, 3.000000, 0.000000, 0.825622
52, 569.282883, 0.000051, 2.825766, 0.000144, 3.000000, 0.000000, 0.044715
53, 580.230631, -0.000037, 2.827507, -0.000105, 3.000000, 0.000000, 0.869605
54, 591.178378, -0.000001, 2.826392, -0.000003, 3.000000, 0.000000, 0.165966
55, 602.126126, 0.000030, 2.826466, 0.000084, 3.000000, 0.000000, 0.703731
56, 613.073874, -0.000045, 2.826993, -0.000129, 3.000000, 0.000000, 0.336686
57, 624.021622, 0.000064, 2.825773, 0.000181, 3.000000, 0.000000, 0.533285
58, 634.969369, -0.000065, 2.827333, -0.000185, 3.000000, 0.000000, 0.507315
59, 645.917117, 0.000064, 2.825553, 0.000181, 3.000000, 0.000000, 0.362473
60, 656.864865, -0.000064, 2.827373, -0.000182, 3.000000, 0.000000, 0.677487
61, 667.812613, 0.000059, 2.825421, 0.000165, 3.000000, 0.000000, 0.191935
62, 678.760360, -0.000059, 2.827335, -0.000168, 3.000000, 0.000000, 0.848116
63, 689.708108, 0.000049, 2.825323, 0.000139, 3.000000, 0.000000, 0.039960
64, 700.655856, -0.000030, 2.826959, -0.000085, 3.000000, 0.000000, 0.851317
65, 711.603604, -0.000011, 2.825997, -0.000032, 3.000000, 0.000000, 0.188917
66, 722.551351, 0.000038, 2.825825, 0.000108, 3.000000, 0.000000, 0.681053
67, 733.499099, -0.000049, 2.826547, -0.000140, 3.000000, 0.000000, 0.359089
68, 744.446847, 0.000065, 2.825250, 0.000184, 3.000000, 0.000000, 0.510790
69, 755.394595, -0.000066, 2.826892, -0.000187, 3.000000, 0.000000, 0.529535
70, 766.342342, 0.000063, 2.825050, 0.000177, 3.000000, 0.000000, 0.340070
71, 777.290090, -0.000062, 2.826879, -0.000177, 3.000000, 0.000000, 0.699890
72, 788.237838, 0.000058, 2.824923, 0.000165, 3.000000, 0.000000, 0.170172
73, 799.185586, -0.000059, 2.826853, -0.000167, 3.000000, 0.000000, 0.869696
74, 810.133333, 0.000043, 2.824874, 0.000122, 3.000000, 0.000000, 0.040966
75, 821.081081, -0.000020, 2.826309, -0.000058, 3.000000, 0.000000, 0.829097
76, 832.028829, -0.000019, 2.825680, -0.000053, 3.000000, 0.000000, 0.211503
77, 842.976577, 0.000046, 2.825248, 0.000129, 3.000000, 0.000000, 0.658742
78, 853.924324, -0.000053, 2.826179, -0.000150, 3.000000, 0.000000, 0.381401
79, 864.872072, 0.000064, 2.824740, 0.000182, 3.000000, 0.000000, 0.488204
80, 875.819820, -0.000065, 2.826386, -0.000185, 3.000000, 0.000000, 0.551939
81, 886.767568, 0.000062, 2.824576, 0.000174, 3.000000, 0.000000, 0.317575
82, 897.715315, -0.000063, 2.826478, -0.000177, 3.000000, 0.000000, 0.722568
83, 908.663063, 0.000057, 2.824426, 0.000162, 3.000000, 0.000000, 0.147495
84, 919.610811, -0.000057, 2.826381, -0.000162, 3.000000, 0.000000, 0.870154
85, 930.558559, 0.000036, 2.824579, 0.000101, 3.000000, 0.000000, 0.063734
86, 941.506306, -0.000008, 2.825687, -0.000023, 3.000000, 0.000000, 0.806968
87, 952.454054, -0.000029, 2.825360, -0.000083, 3.000000, 0.000000, 0.233998
88, 963.401802, 0.000055, 2.824619, 0.000154, 3.000000, 0.000000, 0.636247
89, 974.349550, -0.000057, 2.825769, -0.000160, 3.000000, 0.000000, 0.404261
90, 985.297297, 0.000065, 2.824250, 0.000184, 3.000000, 0.000000, 0.465527
91, 996.245045, -0.000066, 2.825938, -0.000186, 3.000000, 0.000000, 0.574707
92, 1007.192793, 0.000061, 2.824063, 0.000173, 3.000000, 0.000000, 0.295172
93, 1018.140541, -0.000062, 2.825937, -0.000175, 3.000000, 0.000000, 0.745062
94, 1029.088288, 0.000057, 2.823911, 0.000161, 3.000000, 0.000000, 0.124634
95, 1040.036036, -0.000058, 2.825890, -0.000163, 3.000000, 0.000000, 0.869971
96, 1050.983784, 0.000032, 2.824090, 0.000091, 3.000000, 0.000000, 0.086138
97, 1061.931532, 0.000000, 2.825056, -0.000000, 3.000000, 0.000000, 0.783925
98, 1072.879279, -0.000034, 2.824934, -0.000096, 3.000000, 0.000000, 0.256675
99, 1083.827027, 0.000059, 2.824032, 0.000165, 3.000000, 0.000000, 0.613296
100, 1094.774775, -0.000060, 2.825324, -0.000170, 3.000000, 0.000000, 0.426664
101, 1105.722523, 0.000066, 2.823755, 0.000186, 3.000000, 0.000000, 0.443032
102, 1116.670270, -0.000066, 2.825455, -0.000188, 3.000000, 0.000000, 0.597476
103, 1127.618018, 0.000060, 2.823613, 0.000169, 3.000000, 0.000000, 0.272495
104, 1138.565766, -0.000061, 2.825464, -0.000171, 3.000000, 0.000000, 0.767831
105, 1149.513514, 0.000056, 2.823447, 0.000157, 3.000000, 0.000000, 0.102048
106, 1160.461261, -0.000054, 2.825393, -0.000152, 3.000000, 0.000000, 0.870154
107, 1171.409009, 0.000025, 2.823677, 0.000071, 3.000000, 0.000000, 0.108723
108, 1182.356757, 0.000007, 2.824495, 0.000019, 3.000000, 0.000000, 0.761247
109, 1193.304505, -0.000037, 2.824532, -0.000104, 3.000000, 0.000000, 0.278987
110, 1204.252252, 0.000060, 2.823559, 0.000169, 3.000000, 0.000000, 0.590984
111, 1215.200000, -0.000061, 2.824887, -0.000172, 3.000000, 0.000000, 0.449524
112, 1226.147748, 0.000065, 2.823248, 0.000184, 3.000000, 0.000000, 0.420538
113, 1237.095495, -0.000066, 2.824977, -0.000188, 3.000000, 0.000000, 0.620062
114, 1248.043243, 0.000060, 2.823109, 0.000168, 3.000000, 0.000000, 0.250274
115, 1258.990991, -0.000059, 2.824968, -0.000168, 3.000000, 0.000000, 0.790234
116, 1269.938739, 0.000053, 2.823012, 0.000150, 3.000000, 0.000000, 0.079920
117, 1280.886486, -0.000047, 2.824807, -0.000132, 3.000000, 0.000000, 0.870337
118, 1291.834234, 0.000015, 2.823362, 0.000043, 3.000000, 0.000000, 0.131309
119, 1302.781982, 0.000016, 2.823876, 0.000045, 3.000000, 0.000000, 0.738936
120, 1313.729730, -0.000041, 2.824136, -0.000115, 3.000000, 0.000000, 0.302030
121, 1324.677477, 0.000062, 2.823062, 0.000175, 3.000000, 0.000000, 0.568307
122, 1335.625225, -0.000063, 2.824492, -0.000178, 3.000000, 0.000000, 0.472110
123, 1346.572973, 0.000065, 2.822778, 0.000184, 3.000000, 0.000000, 0.397952
124, 1357.520721, -0.000065, 2.824561, -0.000185, 3.000000, 0.000000, 0.642191
125, 1368.468468, 0.000059, 2.822642, 0.000166, 3.000000, 0.000000, 0.227505
126, 1379.416216, -0.000059, 2.824557, -0.000168, 3.000000, 0.000000, 0.812820
127, 1390.363964, 0.000051, 2.822552, 0.000143, 3.000000, 0.000000, 0.057059
128, 1401.311712, -0.000040, 2.824278, -0.000113, 3.000000, 0.000000, 0.869331
129, 1412.259459, 0.000006, 2.823007, 0.000016, 3.000000, 0.000000, 0.153804
130, 1423.207207, 0.000024, 2.823284, 0.000067, 3.000000, 0.000000, 0.715892
131, 1434.154955, -0.000044, 2.823700, -0.000125, 3.000000, 0.000000, 0.323976
132, 1445.102703, 0.000064, 2.822539, 0.000180, 3.000000, 0.000000, 0.545721
133, 1456.050450, -0.000065, 2.824084, -0.000183, 3.000000, 0.000000, 0.494971
134, 1466.998198, 0.000065, 2.822337, 0.000183, 3.000000, 0.000000, 0.375457
135, 1477.945946, -0.000065, 2.824105, -0.000184, 3.000000, 0.000000, 0.665234
136, 1488.893694, 0.000058, 2.822147, 0.000165, 3.000000, 0.000000, 0.205102
137, 1499.841441, -0.000059, 2.824049, -0.000167, 3.000000, 0.000000, 0.835589
138, 1510.789189, 0.000051, 2.822050, 0.000144, 3.000000, 0.000000, 0.040508
139, 1521.736937, -0.000034, 2.823727, -0.000097, 3.000000, 0.000000, 0.864393
140, 1532.684685, -0.000002, 2.822675, -0.000006, 3.000000, 0.000000, 0.175933
141, 1543.632432, 0.000030, 2.822751, 0.000084, 3.000000, 0.000000, 0.694221
142, 1554.580180, -0.000047, 2.823289, -0.000133, 3.000000, 0.000000, 0.346928
143, 1565.527928, 0.000064, 2.822005, 0.000181, 3.000000, 0.000000, 0.523500
144, 1576.475676, -0.000065, 2.823588, -0.000185, 3.000000, 0.000000, 0.517099
145, 1587.423423, 0.000063, 2.821774, 0.000178, 3.000000, 0.000000, 0.352963
146, 1598.371171, -0.000063, 2.823582, -0.000179, 3.000000, 0.000000, 0.687637
147, 1609.318919, 0.000057, 2.821650, 0.000162, 3.000000, 0.000000, 0.182334
148, 1620.266667, -0.000057, 2.823528, -0.000162, 3.000000, 0.000000, 0.858266
149, 1631.214414, 0.000046, 2.821571, 0.000129, 3.000000, 0.000000, 0.040691
150, 1642.162162, -0.000025, 2.823111, -0.000071, 3.000000, 0.000000, 0.841167
151, 1653.109910, -0.000011, 2.822330, -0.000033, 3.000000, 0.000000, 0.199067
152, 1664.057658, 0.000039, 2.822111, 0.000110, 3.000000, 0.000000, 0.671178
153, 1675.005405, -0.000052, 2.822929, -0.000146, 3.000000, 0.000000, 0.369422
154, 1685.953153, 0.000065, 2.821509, 0.000183, 3.000000, 0.000000, 0.500732
155, 1696.900901, -0.000066, 2.823128, -0.000186, 3.000000, 0.000000, 0.539868
156, 1707.848649, 0.000062, 2.821300, 0.000176, 3.000000, 0.000000, 0.329645
157, 1718.796396, -0.000063, 2.823124, -0.000178, 3.000000, 0.000000, 0.710497
158, 1729.744144, 0.000057, 2.821143, 0.000160, 3.000000, 0.000000, 0.159565
159, 1740.691892, -0.000057, 2.823076, -0.000161, 3.000000, 0.000000, 0.870154
160, 1751.639640, 0.000040, 2.821233, 0.000113, 3.000000, 0.000000, 0.051024
161, 1762.587387, -0.000014, 2.822509, -0.000039, 3.000000, 0.000000, 0.818581
162, 1773.535135, -0.000021, 2.821973, -0.000060, 3.000000, 0.000000, 0.221562
163, 1784.482883, 0.000047, 2.821462, 0.000132, 3.000000, 0.000000, 0.648226
164, 1795.430631, -0.000055, 2.822438, -0.000154, 3.000000, 0.000000, 0.392099
165, 1806.378378, 0.000065, 2.820973, 0.000184, 3.000000, 0.000000, 0.477505
166, 1817.326126, -0.000066, 2.822634, -0.000186, 3.000000, 0.000000, 0.562363
167, 1828.273874, 0.000062, 2.820807, 0.000174, 3.000000, 0.000000, 0.307425
168, 1839.221622, -0.000062, 2.822635, -0.000177, 3.000000, 0.000000, 0.732535
169, 1850.169369, 0.000057, 2.820630, 0.000161, 3.000000, 0.000000, 0.137070
170, 1861.117117, -0.000057, 2.822615, -0.000162, 3.000000, 0.000000, 0.869971
171, 1872.064865, 0.000032, 2.820866, 0.000091, 3.000000, 0.000000, 0.073244
172, 1883.012613, -0.000003, 2.821869, -0.000009, 3.000000, 0.000000, 0.796544
173, 1893.960360, -0.000029, 2.821571, -0.000081, 3.000000, 0.000000, 0.243782
174, 1904.908108, 0.000054, 2.820838, 0.000153, 3.000000, 0.000000, 0.625823
175, 1915.855856, -0.000059, 2.822007, -0.000166, 3.000000, 0.000000, 0.413862
176, 1926.803604, 0.000066, 2.820459, 0.000187, 3.000000, 0.000000, 0.455834
177, 1937.751351, -0.000066, 2.822172, -0.000187, 3.000000, 0.000000, 0.584857
178, 1948.699099, 0.000060, 2.820338, 0.000169, 3.000000, 0.000000, 0.284839
179, 1959.646847, -0.000061, 2.822136, -0.000172, 3.000000, 0.000000, 0.754938
180, 1970.594595, 0.000056, 2.820151, 0.000158, 3.000000, 0.000000, 0.114484
181, 1981.542342, -0.000056, 2.822117, -0.000159, 3.000000, 0.000000, 0.869788
182, 1992.490090, 0.000030, 2.820337, 0.000083, 3.000000, 0.000000, 0.095922
183, 2003.437838, 0.000003, 2.821247, 0.000008, 3.000000, 0.000000, 0.773592
184, 2014.385586, -0.000035, 2.821178, -0.000099, 3.000000, 0.000000, 0.265819
185, 2025.333333, 0.000059, 2.820309, 0.000166, 3.000000, 0.000000, 0.603420
186, 2036.281081, -0.000060, 2.821638, -0.000170, 3.000000, 0.000000, 0.436631
187, 2047.228829, 0.000065, 2.819995, 0.000183, 3.000000, 0.000000, 0.432791
188, 2058.176577, -0.000066, 2.821724, -0.000186, 3.000000, 0.000000, 0.606803
189, 2069.124324, 0.000060, 2.819844, 0.000170, 3.000000, 0.000000, 0.262527
190, 2080.072072, -0.000061, 2.821693, -0.000171, 3.000000, 0.000000, 0.777432
191, 2091.019820, 0.000056, 2.819672, 0.000156, 3.000000, 0.000000, 0.091807
192, 2101.967568, -0.000052, 2.821554, -0.000147, 3.000000, 0.000000, 0.869605
193, 2112.915315, 0.000019, 2.820006, 0.000054, 3.000000, 0.000000, 0.118050
194, 2123.863063, 0.000013, 2.820633, 0.000036, 3.000000, 0.000000, 0.751463
195, 2134.810811, -0.000039, 2.820789, -0.000109, 3.000000, 0.000000, 0.288497
196, 2145.758559, 0.000061, 2.819803, 0.000170, 3.000000, 0.000000, 0.580651
197, 2156.706306, -0.000062, 2.821175, -0.000175, 3.000000, 0.000000, 0.458943
198, 2167.654054, 0.000065, 2.819502, 0.000183, 3.000000, 0.000000, 0.411028
199, 2178.601802, -0.000065, 2.821256, -0.000185, 3.000000, 0.000000, 0.629298
200, 2189.549550, 0.000059, 2.819346, 0.000167, 3.000000, 0.000000, 0.240399
201, 2200.497297, -0.000059, 2.821236, -0.000167, 3.000000, 0.000000, 0.799470
202, 2211.445045, 0.000055, 2.819224, 0.000154, 3.000000, 0.000000, 0.070227
203, 2222.392793, -0.000046, 2.821052, -0.000130, 3.000000, 0.000000, 0.869971
204, 2233.340541, 0.000007, 2.819750, 0.000019, 3.000000, 0.000000, 0.140911
205, 2244.288288, 0.000023, 2.820005, 0.000066, 3.000000, 0.000000, 0.729151
206, 2255.236036, -0.000042, 2.820368, -0.000119, 3.000000, 0.000000, 0.310625
207, 2266.183784, 0.000063, 2.819230, 0.000176, 3.000000, 0.000000, 0.558888
208, 2277.131532, -0.000064, 2.820709, -0.000181, 3.000000, 0.000000, 0.481255
209, 2288.079279, 0.000065, 2.818977, 0.000183, 3.000000, 0.000000, 0.388076
210, 2299.027027, -0.000065, 2.820794, -0.000184, 3.000000, 0.000000, 0.651426
211, 2309.974775, 0.000058, 2.818878, 0.000163, 3.000000, 0.000000, 0.217538
212, 2320.922523, -0.000059, 2.820784, -0.000166, 3.000000, 0.000000, 0.822239
213, 2331.870270, 0.000054, 2.818764, 0.000152, 3.000000, 0.000000, 0.047275
214, 2342.818018, -0.000040, 2.820458, -0.000112, 3.000000, 0.000000, 0.869879
215, 2353.765766, -0.000001, 2.819345, -0.000004, 3.000000, 0.000000, 0.162948
216, 2364.713514, 0.000030, 2.819414, 0.000085, 3.000000, 0.000000, 0.707023
217, 2375.661261, -0.000045, 2.819948, -0.000128, 3.000000, 0.000000, 0.333394
218, 2386.609009, 0.000064, 2.818760, 0.000180, 3.000000, 0.000000, 0.536668
219, 2397.556757, -0.000065, 2.820275, -0.000183, 3.000000, 0.000000, 0.503292
220, 2408.504505, 0.000064, 2.818494, 0.000182, 3.000000, 0.000000, 0.365856
221, 2419.452252, -0.000065, 2.820323, -0.000184, 3.000000, 0.000000, 0.673647
222, 2430.400000, 0.000057, 2.818367, 0.000162, 3.000000, 0.000000, 0.195410
223, 2441.347748, -0.000057, 2.820261, -0.000162, 3.000000, 0.000000, 0.844276
224, 2452.295495, 0.000051, 2.818277, 0.000143, 3.000000, 0.000000, 0.039320
225, 2463.243243, -0.000033, 2.819936, -0.000094, 3.000000, 0.000000, 0.854700
226, 2474.190991, -0.000009, 2.818980, -0.000027, 3.000000, 0.000000, 0.184894
227, 2485.138739, 0.000037, 2.818800, 0.000105, 3.000000, 0.000000, 0.684528
228, 2496.086486, -0.000048, 2.819538, -0.000136, 3.000000, 0.000000, 0.355157
229, 2507.034234, 0.000064, 2.818233, 0.000181, 3.000000, 0.000000, 0.514448
230, 2517.981982, -0.000066, 2.819817, -0.000186, 3.000000, 0.000000, 0.525604
231, 2528.929730, 0.000064, 2.818029, 0.000180, 3.000000, 0.000000, 0.344276
232, 2539.877477, -0.000064, 2.819862, -0.000181, 3.000000, 0.000000, 0.695958
233, 2550.825225, 0.000057, 2.817940, 0.000160, 3.000000, 0.000000, 0.173555
234, 2561.772973, -0.000057, 2.819817, -0.000162, 3.000000, 0.000000, 0.866587
235, 2572.720721, 0.000046, 2.817851, 0.000130, 3.000000, 0.000000, 0.040143
236, 2583.668468, -0.000023, 2.819339, -0.000066, 3.000000, 0.000000, 0.832388
237, 2594.616216, -0.000018, 2.818634, -0.000050, 3.000000, 0.000000, 0.207480
238, 2605.563964, 0.000045, 2.818256, 0.000126, 3.000000, 0.000000, 0.662582
239, 2616.511712, -0.000053, 2.819174, -0.000149, 3.000000, 0.000000, 0.377926
240, 2627.459459, 0.000065, 2.817759, 0.000183, 3.000000, 0.000000, 0.491953
241, 2638.407207, -0.000065, 2.819344, -0.000185, 3.000000, 0.000000, 0.548281
242, 2649.354955, 0.000063, 2.817485, 0.000178, 3.000000, 0.000000, 0.321781
243, 2660.302703, -0.000063, 2.819350, -0.000179, 3.000000, 0.000000, 0.718636
244, 2671.250450, 0.000055, 2.817401, 0.000154, 3.000000, 0.000000, 0.150878
245, 2682.198198, -0.000055, 2.819284, -0.000155, 3.000000, 0.000000, 0.869148
246, 2693.145946, 0.000037, 2.817523, 0.000104, 3.000000, 0.000000, 0.059162
247, 2704.093694, -0.000011, 2.818676, -0.000031, 3.000000, 0.000000, 0.810443
248, 2715.041441, -0.000027, 2.818286, -0.000076, 3.000000, 0.000000, 0.229426
249, 2725.989189, 0.000053, 2.817671, 0.000148, 3.000000, 0.000000, 0.639813
250, 2736.936937, -0.000056, 2.818752, -0.000157, 3.000000, 0.000000, 0.399689
251, 2747.884685, 0.000066, 2.817265, 0.000184, 3.000000, 0.000000, 0.469824
252, 2758.832432, -0.000067, 2.818975, -0.000188, 3.000000, 0.000000, 0.570318
253, 2769.780180, 0.000061, 2.817097, 0.000173, 3.000000, 0.000000, 0.299012
254, 2780.727928, -0.000061, 2.818884, -0.000173, 3.000000, 0.000000, 0.740582
255, 2791.675676, 0.000054, 2.816970, 0.000153, 3.000000, 0.000000, 0.128749
256, 2802.623423, -0.000055, 2.818861, -0.000156, 3.000000, 0.000000, 0.869239
257, 2813.571171, 0.000033, 2.817052, 0.000092, 3.000000, 0.000000, 0.081383
258, 2824.518919, -0.000002, 2.818119, -0.000005, 3.000000, 0.000000, 0.787765
259, 2835.466667, -0.000033, 2.817934, -0.000092, 3.000000, 0.000000, 0.252012
260, 2846.414414, 0.000058, 2.817067, 0.000163, 3.000000, 0.000000, 0.617136
261, 2857.362162, -0.000059, 2.818335, -0.000168, 3.000000, 0.000000, 0.422641
262, 2868.309910, 0.000066, 2.816725, 0.000186, 3.000000, 0.000000, 0.446781
263, 2879.257658, -0.000066, 2.818462, -0.000187, 3.000000, 0.000000, 0.592447
264, 2890.205405, 0.000061, 2.816582, 0.000172, 3.000000, 0.000000, 0.276061
265, 2901.153153, -0.000061, 2.818414, -0.000173, 3.000000, 0.000000, 0.763442
266, 2912.100901, 0.000053, 2.816454, 0.000150, 3.000000, 0.000000, 0.105706
267, 2923.048649, -0.000053, 2.818357, -0.000150, 3.000000, 0.000000, 0.869514
268, 2933.996396, 0.000025, 2.816735, 0.000069, 3.000000, 0.000000, 0.104334
269, 2944.944144, 0.000009, 2.817474, 0.000026, 3.000000, 0.000000, 0.764813
270, 2955.891892, -0.000037, 2.817518, -0.000104, 3.000000, 0.000000, 0.274323
271, 2966.839640, 0.000060, 2.816563, 0.000169, 3.000000, 0.000000, 0.594733
272, 2977.787387, -0.000061, 2.817882, -0.000172, 3.000000, 0.000000, 0.444587
273, 2988.735135, 0.000065, 2.816265, 0.000183, 3.000000, 0.000000, 0.424104
274, 2999.682883, -0.000065, 2.818023, -0.000184, 3.000000, 0.000000, 0.615033
275, 3010.630631, 0.000060, 2.816120, 0.000169, 3.000000, 0.000000, 0.253932
276, 3021.578378, -0.000061, 2.818026, -0.000173, 3.000000, 0.000000, 0.785113
277, 3032.526126, 0.000054, 2.816011, 0.000152, 3.000000, 0.000000, 0.083486
278, 3043.473874, -0.000048, 2.817867, -0.000135, 3.000000, 0.000000, 0.868691
279, 3054.421622, 0.000015, 2.816384, 0.000042, 3.000000, 0.000000, 0.125823
280, 3065.369369, 0.000016, 2.816939, 0.000045, 3.000000, 0.000000, 0.742593
281, 3076.317117, -0.000040, 2.817107, -0.000112, 3.000000, 0.000000, 0.296269
282, 3087.264865, 0.000061, 2.816103, 0.000171, 3.000000, 0.000000, 0.572787
283, 3098.212613, -0.000062, 2.817481, -0.000176, 3.000000, 0.000000, 0.466533
284, 3109.160360, 0.000065, 2.815787, 0.000184, 3.000000, 0.000000, 0.402615
285, 3120.108108, -0.000066, 2.817518, -0.000185, 3.000000, 0.000000, 0.636887
286, 3131.055856, 0.000054, 2.815461, 0.000152, 3.032004, 0.000000, 0.231803
287, 3142.003604, -0.000060, 2.817481, -0.000170, 3.000000, 0.000000, 0.807242
288, 3152.951351, 0.000053, 2.815469, 0.000149, 3.000000, 0.000000, 0.062089
289, 3163.899099, -0.000043, 2.817278, -0.000120, 3.000000, 0.000000, 0.869422
290, 3174.846847, 0.000005, 2.816040, 0.000014, 3.000000, 0.000000, 0.148226
291, 3185.794595, 0.000025, 2.816245, 0.000070, 3.000000, 0.000000, 0.721196
292, 3196.742342, -0.000044, 2.816645, -0.000123, 3.000000, 0.000000, 0.318764
293, 3207.690090, 0.000063, 2.815519, 0.000177, 3.000000, 0.000000, 0.550750
294, 3218.637838, -0.000064, 2.816997, -0.000180, 3.000000, 0.000000, 0.489119
295, 3229.585586, 0.000065, 2.815238, 0.000184, 3.000000, 0.000000, 0.380852
296, 3240.533333, -0.000065, 2.817065, -0.000185, 3.000000, 0.000000, 0.659199
297, 3251.481081, 0.000058, 2.815114, 0.000163, 3.000000, 0.000000, 0.209674
298, 3262.428829, -0.000059, 2.816996, -0.000165, 3.000000, 0.000000, 0.829462
299, 3273.376577, 0.000053, 2.815039, 0.000148, 3.000000, 0.000000, 0.039960
300, 3284.324324, -0.000038, 2.816747, -0.000107, 3.000000, 0.000000, 0.869056
301, 3295.272072, -0.000004, 2.815708, -0.000012, 3.000000, 0.000000, 0.170721
302, 3306.219820, 0.000033, 2.815701, 0.000093, 3.000000, 0.000000, 0.698610
303, 3317.167568, -0.000047, 2.816197, -0.000132, 3.000000, 0.000000, 0.340892
304, 3328.115315, 0.000064, 2.814989, 0.000179, 3.000000, 0.000000, 0.528530
305, 3339.063063, -0.000065, 2.816528, -0.000184, 3.000000, 0.000000, 0.511156
306, 3350.010811, 0.000065, 2.814798, 0.000183, 3.000000, 0.000000, 0.357443
307, 3360.958559, -0.000065, 2.816633, -0.000183, 3.000000, 0.000000, 0.681419
308, 3371.906306, 0.000057, 2.814667, 0.000161, 3.000000, 0.000000, 0.187637
309, 3382.854054, -0.000057, 2.816520, -0.000162, 3.000000, 0.000000, 0.852231
310, 3393.801802, 0.000050, 2.814568, 0.000141, 3.000000, 0.000000, 0.039594
311, 3404.749550, -0.000031, 2.816154, -0.000087, 3.000000, 0.000000, 0.847110
312, 3415.697297, -0.000014, 2.815305, -0.000039, 3.000000, 0.000000, 0.192575
313, 3426.645045, 0.000042, 2.815059, 0.000117, 3.000000, 0.000000, 0.676756
314, 3437.592793, -0.000050, 2.815836, -0.000142, 3.000000, 0.000000, 0.363204
315, 3448.540541, 0.000065, 2.814491, 0.000182, 3.000000, 0.000000, 0.506035
316, 3459.488288, -0.000066, 2.816068, -0.000186, 3.000000, 0.000000, 0.533193
317, 3470.436036, 0.000063, 2.814306, 0.000177, 3.000000, 0.000000, 0.335955
318, 3481.383784, -0.000063, 2.816149, -0.000178, 3.000000, 0.000000, 0.703914
319, 3492.331532, 0.000057, 2.814189, 0.000160, 3.000000, 0.000000, 0.165143
320, 3503.279279, -0.000058, 2.816106, -0.000163, 3.000000, 0.000000, 0.869514
321, 3514.227027, 0.000044, 2.814169, 0.000123, 3.000000, 0.000000, 0.044623
322, 3525.174775, -0.000019, 2.815563, -0.000055, 3.000000, 0.000000, 0.825073
323, 3536.122523, -0.000023, 2.815008, -0.000065, 3.000000, 0.000000, 0.214521
324, 3547.070270, 0.000050, 2.814476, 0.000140, 3.000000, 0.000000, 0.654170
325, 3558.018018, -0.000054, 2.815422, -0.000151, 3.000000, 0.000000, 0.385516
326, 3568.965766, 0.000065, 2.814007, 0.000183, 3.000000, 0.000000, 0.483815
327, 3579.913514, -0.000066, 2.815635, -0.000186, 3.000000, 0.000000, 0.555505
328, 3590.861261, 0.000061, 2.813860, 0.000172, 3.000000, 0.000000, 0.313369
329, 3601.809009, -0.000061, 2.815688, -0.000173, 3.000000, 0.000000, 0.726317
330, 3612.756757, 0.000055, 2.813757, 0.000153, 3.000000, 0.000000, 0.142922
331, 3623.704505, -0.000055, 2.815641, -0.000154, 3.000000, 0.000000, 0.869148
332, 3634.652252, 0.000038, 2.813755, 0.000107, 3.000000, 0.000000, 0.066752
333, 3645.600000, -0.000010, 2.814944, -0.000030, 3.000000, 0.000000, 0.802304
334, 3656.547748, -0.000030, 2.814603, -0.000084, 3.000000, 0.000000, 0.237290
335, 3667.495495, 0.000055, 2.813869, 0.000156, 3.000000, 0.000000, 0.632498
336, 3678.443243, -0.000057, 2.815007, -0.000160, 3.000000, 0.000000, 0.407187
337, 3689.390991, 0.000065, 2.813522, 0.000183, 3.000000, 0.000000, 0.461960
338, 3700.338739, -0.000065, 2.815174, -0.000185, 3.000000, 0.000000, 0.577816
339, 3711.286486, 0.000060, 2.813379, 0.000169, 3.000000, 0.000000, 0.291606
340, 3722.234234, -0.000061, 2.815185, -0.000172, 3.000000, 0.000000, 0.747805
341, 3733.181982, 0.000054, 2.813214, 0.000151, 3.000000, 0.000000, 0.121434
342, 3744.129730, -0.000053, 2.815122, -0.000150, 3.000000, 0.000000, 0.868782
343, 3755.077477, 0.000033, 2.813310, 0.000093, 3.000000, 0.000000, 0.088606
344, 3766.025225, -0.000002, 2.814382, -0.000005, 3.000000, 0.000000, 0.780176
345, 3776.972973, -0.000034, 2.814255, -0.000095, 3.000000, 0.000000, 0.258961
346, 3787.920721, 0.000058, 2.813376, 0.000163, 3.000000, 0.000000, 0.610004
347, 3798.868468, -0.000059, 2.814582, -0.000167, 3.000000, 0.000000, 0.429499
348, 3809.816216, 0.000065, 2.813004, 0.000183, 3.000000, 0.000000, 0.439740
349, 3820.763964, -0.000066, 2.814729, -0.000185, 3.000000, 0.000000, 0.599762
350, 3831.711712, 0.000061, 2.812848, 0.000172, 3.000000, 0.000000, 0.269751
351, 3842.659459, -0.000062, 2.814780, -0.000175, 3.000000, 0.000000, 0.769843
352, 3853.607207, 0.000054, 2.812752, 0.000153, 3.000000, 0.000000, 0.099122
353, 3864.554955, -0.000052, 2.814618, -0.000147, 3.000000, 0.000000, 0.869422
354, 3875.502703, 0.000026, 2.812946, 0.000072, 3.000000, 0.000000, 0.110461
355, 3886.450450, 0.000007, 2.813748, 0.000018, 3.000000, 0.000000, 0.758687
356, 3897.398198, -0.000037, 2.813814, -0.000106, 3.000000, 0.000000, 0.281090
357, 3908.345946, 0.000061, 2.812846, 0.000171, 3.000000, 0.000000, 0.588424
358, 3919.293694, -0.000062, 2.814214, -0.000174, 3.000000, 0.000000, 0.451445
359, 3930.241441, 0.000066, 2.812529, 0.000186, 3.000000, 0.000000, 0.417886
360, 3941.189189, -0.000066, 2.814284, -0.000186, 3.000000, 0.000000, 0.622165
361, 3952.136937, 0.000059, 2.812387, 0.000166, 3.000000, 0.000000, 0.247623
362, 3963.084685, -0.000060, 2.814246, -0.000168, 3.000000, 0.000000, 0.792703
363, 3974.032432, 0.000053, 2.812289, 0.000150, 3.000000, 0.000000, 0.076811
364, 3984.980180, -0.000046, 2.814114, -0.000131, 3.000000, 0.000000, 0.869605
365, 3995.927928, 0.000015, 2.812665, 0.000041, 3.000000, 0.000000, 0.132864
366, 4006.875676, 0.000016, 2.813213, 0.000045, 3.000000, 0.000000, 0.736375
367, 4017.823423, -0.000041, 2.813430, -0.000116, 3.000000, 0.000000, 0.302944
368, 4028.771171, 0.000062, 2.812391, 0.000174, 3.000000, 0.000000, 0.566386
369, 4039.718919, -0.000063, 2.813811, -0.000178, 3.000000, 0.000000, 0.473482
370, 4050.666667, 0.000065, 2.812078, 0.000182, 3.000000, 0.000000, 0.395849
371, 4061.614414, -0.000065, 2.813822, -0.000184, 3.000000, 0.000000, 0.644020
372, 4072.562162, 0.000061, 2.811880, 0.000171, 3.000000, 0.000000, 0.225860
373, 4083.509910, -0.000061, 2.813857, -0.000173, 3.000000, 0.000000, 0.814009
374, 4094.457658, 0.000051, 2.811848, 0.000144, 3.000000, 0.000000, 0.055048
375, 4105.405405, -0.000039, 2.813577, -0.000111, 3.000000, 0.000000, 0.868965
376, 4116.353153, 0.000005, 2.812337, 0.000013, 3.000000, 0.000000, 0.155176
377, 4127.300901, 0.000025, 2.812594, 0.000069, 3.000000, 0.000000, 0.714247
378, 4138.248649, -0.000044, 2.813008, -0.000125, 3.000000, 0.000000, 0.325439
379, 4149.196396, 0.000064, 2.811827, 0.000180, 3.000000, 0.000000, 0.544166
380, 4160.144144, -0.000064, 2.813326, -0.000182, 3.000000, 0.000000, 0.495794
381, 4171.091892, 0.000064, 2.811587, 0.000179, 3.000000, 0.000000, 0.373994
382, 4182.039640, -0.000064, 2.813421, -0.000181, 3.000000, 0.000000, 0.666057
383, 4192.987387, 0.000060, 2.811435, 0.000168, 3.000000, 0.000000, 0.203365
384, 4203.935135, -0.000060, 2.813361, -0.000169, 3.000000, 0.000000, 0.836138
385, 4214.882883, 0.000051, 2.811343, 0.000143, 3.000000, 0.000000, 0.040051
386, 4225.830631, -0.000035, 2.813045, -0.000098, 3.000000, 0.000000, 0.862290
387, 4236.778378, -0.000005, 2.811978, -0.000014, 3.000000, 0.000000, 0.177213
388, 4247.726126, 0.000033, 2.811924, 0.000091, 3.000000, 0.000000, 0.692484
389, 4258.673874, -0.000047, 2.812509, -0.000133, 3.000000, 0.000000, 0.347568
390, 4269.621622, 0.000065, 2.811301, 0.000182, 3.000000, 0.000000, 0.522037
391, 4280.569369, -0.000066, 2.812871, -0.000185, 3.000000, 0.000000, 0.517922
392, 4291.517117, 0.000064, 2.811076, 0.000179, 3.000000, 0.000000, 0.351591
393, 4302.464865, -0.000064, 2.812951, -0.000180, 3.000000, 0.000000, 0.688094
394, 4313.412613, 0.000058, 2.810991, 0.000162, 3.000000, 0.000000, 0.181053
395, 4324.360360, -0.000058, 2.812891, -0.000163, 3.000000, 0.000000, 0.858358
396, 4335.308108, 0.000045, 2.810968, 0.000126, 3.000000, 0.000000, 0.039868
397, 4346.255856, -0.000024, 2.812433, -0.000067, 3.000000, 0.000000, 0.840527
398, 4357.203604, -0.000015, 2.811691, -0.000042, 3.000000, 0.000000, 0.199433
399, 4368.151351, 0.000041, 2.811344, 0.000116, 3.000000, 0.000000, 0.670172
400, 4379.099099, -0.000051, 2.812187, -0.000144, 3.000000, 0.000000, 0.369422
401, 4390.046847, 0.000065, 2.810818, 0.000183, 3.000000, 0.000000, 0.499909
402, 4400.994595, -0.000066, 2.812427, -0.000185, 3.000000, 0.000000, 0.539685
403, 4411.942342, 0.000062, 2.810630, 0.000175, 3.000000, 0.000000, 0.329097
404, 4422.890090, -0.000062, 2.812436, -0.000176, 3.000000, 0.000000, 0.710223
405, 4433.837838, 0.000057, 2.810483, 0.000161, 3.000000, 0.000000, 0.159108
406, 4444.785586, -0.000058, 2.812414, -0.000165, 3.000000, 0.000000, 0.869422
407, 4455.733333, 0.000041, 2.810510, 0.000115, 3.000000, 0.000000, 0.050933
408, 4466.681081, -0.000015, 2.811837, -0.000043, 3.000000, 0.000000, 0.818581
409, 4477.628829, -0.000025, 2.811384, -0.000070, 3.000000, 0.000000, 0.221105
410, 4488.576577, 0.000051, 2.810770, 0.000144, 3.000000, 0.000000, 0.648135
411, 4499.524324, -0.000055, 2.811782, -0.000155, 3.000000, 0.000000, 0.391642
412, 4510.472072, 0.000065, 2.810340, 0.000182, 3.000000, 0.000000, 0.478054
413, 4521.419820, -0.000066, 2.812019, -0.000185, 3.000000, 0.000000, 0.561906
414, 4532.367568, 0.000061, 2.810120, 0.000172, 3.000000, 0.000000, 0.307608
415, 4543.315315, -0.000061, 2.811979, -0.000173, 3.000000, 0.000000, 0.732078
416, 4554.263063, 0.000057, 2.810027, 0.000159, 3.000000, 0.000000, 0.137985
417, 4565.210811, -0.000058, 2.811944, -0.000162, 3.000000, 0.000000, 0.869605
418, 4576.158559, 0.000033, 2.810119, 0.000093, 3.000000, 0.000000, 0.072787
419, 4587.106306, -0.000003, 2.811181, -0.000010, 3.000000, 0.000000, 0.796726
420, 4598.054054, -0.000031, 2.810990, -0.000089, 3.000000, 0.000000, 0.243416
421, 4609.001802, 0.000056, 2.810196, 0.000157, 3.000000, 0.000000, 0.625914
422, 4619.949550, -0.000058, 2.811374, -0.000163, 3.000000, 0.000000, 0.413680
423, 4630.897297, 0.000066, 2.809800, 0.000186, 3.000000, 0.000000, 0.455925
424, 4641.845045, -0.000067, 2.811550, -0.000189, 3.000000, 0.000000, 0.584492
425, 4652.792793, 0.000056, 2.809529, 0.000158, 3.236192, 0.000000, 0.285113
426, 4663.740541, -0.000062, 2.811526, -0.000176, 3.000000, 0.000000, 0.754846
427, 4674.688288, 0.000056, 2.809539, 0.000156, 3.000000, 0.000000, 0.114576
428, 4685.636036, -0.000056, 2.811474, -0.000158, 3.000000, 0.000000, 0.869331
429, 4696.583784, 0.000030, 2.809692, 0.000085, 3.000000, 0.000000, 0.095099
430, 4707.531532, 0.000003, 2.810599, 0.000008, 3.000000, 0.000000, 0.774049
431, 4718.479279, -0.000035, 2.810562, -0.000098, 3.000000, 0.000000, 0.265636
432, 4729.427027, 0.000059, 2.809654, 0.000165, 3.000000, 0.000000, 0.603877
433, 4740.374775, -0.000060, 2.810913, -0.000169, 3.000000, 0.000000, 0.435900
434, 4751.322523, 0.000065, 2.809384, 0.000184, 3.000000, 0.000000, 0.433522
435, 4762.270270, -0.000066, 2.811085, -0.000186, 3.000000, 0.000000, 0.606437
436, 4773.218018, 0.000060, 2.809182, 0.000167, 3.000000, 0.000000, 0.263259
437, 4784.165766, -0.000060, 2.811054, -0.000168, 3.000000, 0.000000, 0.776609
438, 4795.113514, 0.000054, 2.809079, 0.000150, 3.000000, 0.000000, 0.093544
439, 4806.061261, -0.000050, 2.810935, -0.000140, 3.000000, 0.000000, 0.868965
440, 4817.009009, 0.000019, 2.809434, 0.000054, 3.000000, 0.000000, 0.117045
441, 4827.956757, 0.000012, 2.810056, 0.000034, 3.000000, 0.000000, 0.752743
442, 4838.904505, -0.000038, 2.810181, -0.000107, 3.000000, 0.000000, 0.287765
443, 4849.852252, 0.000061, 2.809144, 0.000171, 3.000000, 0.000000, 0.582023
444, 4860.800000, -0.000062, 2.810512, -0.000174, 3.000000, 0.000000, 0.458211
445, 4871.747748, 0.000065, 2.808861, 0.000182, 3.000000, 0.000000, 0.411302
446, 4882.695495, -0.000066, 2.810632, -0.000186, 3.000000, 0.000000, 0.628383
447, 4893.643243, 0.000059, 2.808692, 0.000166, 3.000000, 0.000000, 0.241222
448, 4904.590991, -0.000059, 2.810598, -0.000165, 3.000000, 0.000000, 0.799012
449, 4915.538739, 0.000053, 2.808619, 0.000147, 3.000000, 0.000000, 0.070775
450, 4926.486486, -0.000044, 2.810438, -0.000124, 3.000000, 0.000000, 0.869331
451, 4937.434234, 0.000010, 2.809076, 0.000028, 3.000000, 0.000000, 0.139813
452, 4948.381982, 0.000020, 2.809470, 0.000057, 3.000000, 0.000000, 0.730249
453, 4959.329730, -0.000042, 2.809784, -0.000119, 3.000000, 0.000000, 0.309985
454, 4970.277477, 0.000063, 2.808637, 0.000176, 3.000000, 0.000000, 0.559894
455, 4981.225225, -0.000063, 2.810098, -0.000179, 3.000000, 0.000000, 0.480706
456, 4992.172973, 0.000065, 2.808418, 0.000181, 3.000000, 0.000000, 0.388990
457, 5003.120721, -0.000065, 2.810177, -0.000183, 3.000000, 0.000000, 0.651061
458, 5014.068468, 0.000057, 2.808295, 0.000161, 3.000000, 0.000000, 0.218727
459, 5025.016216, -0.000058, 2.810159, -0.000163, 3.000000, 0.000000, 0.820684
460, 5035.963964, 0.000052, 2.808162, 0.000146, 3.000000, 0.000000, 0.048372
461, 5046.911712, -0.000039, 2.809904, -0.000109, 3.000000, 0.000000, 0.869514
462, 5057.859459, 0.000003, 2.808703, 0.000007, 3.000000, 0.000000, 0.161668
463, 5068.807207, 0.000026, 2.808891, 0.000073, 3.000000, 0.000000, 0.707114
464, 5079.754955, -0.000045, 2.809356, -0.000126, 3.000000, 0.000000, 0.332206
465, 5090.702703, 0.000064, 2.808171, 0.000179, 3.000000, 0.000000, 0.537491
466, 5101.650450, -0.000065, 2.809710, -0.000183, 3.000000, 0.000000, 0.502560
467, 5112.598198, 0.000064, 2.807888, 0.000179, 3.000000, 0.000000, 0.366862
468, 5123.545946, -0.000065, 2.809713, -0.000182, 3.000000, 0.000000, 0.672915
469, 5134.493694, 0.000059, 2.807763, 0.000164, 3.000000, 0.000000, 0.196690
470, 5145.441441, -0.000058, 2.809700, -0.000164, 3.000000, 0.000000, 0.842996
471, 5156.389189, 0.000049, 2.807713, 0.000138, 3.000000, 0.000000, 0.039777
472, 5167.336937, -0.000031, 2.809323, -0.000089, 3.000000, 0.000000, 0.855889
473, 5178.284685, -0.000006, 2.808371, -0.000018, 3.000000, 0.000000, 0.183797
474, 5189.232432, 0.000034, 2.808289, 0.000096, 3.000000, 0.000000, 0.685534
475, 5200.180180, -0.000049, 2.808986, -0.000137, 3.000000, 0.000000, 0.354060
476, 5211.127928, 0.000064, 2.807681, 0.000180, 3.000000, 0.000000, 0.515545
477, 5222.075676, -0.000066, 2.809265, -0.000184, 3.000000, 0.000000, 0.524140
478, 5233.023423, 0.000063, 2.807436, 0.000178, 3.000000, 0.000000, 0.345099
479, 5243.971171, -0.000063, 2.809263, -0.000177, 3.000000, 0.000000, 0.694952
480, 5254.918919, 0.000057, 2.807316, 0.000160, 3.000000, 0.000000, 0.174744
481, 5265.866667, -0.000058, 2.809211, -0.000163, 3.000000, 0.000000, 0.865307
482, 5276.814414, 0.000044, 2.807285, 0.000123, 3.000000, 0.000000, 0.040051
483, 5287.762162, -0.000021, 2.808688, -0.000058, 3.000000, 0.000000, 0.833303
484, 5298.709910, -0.000015, 2.807988, -0.000042, 3.000000, 0.000000, 0.206291
485, 5309.657658, 0.000041, 2.807676, 0.000115, 3.000000, 0.000000, 0.663314
486, 5320.605405, -0.000053, 2.808504, -0.000148, 3.000000, 0.000000, 0.376554
487, 5331.553153, 0.000065, 2.807124, 0.000182, 3.000000, 0.000000, 0.492776
488, 5342.500901, -0.000065, 2.808782, -0.000184, 3.000000, 0.000000, 0.547184
489, 5353.448649, 0.000062, 2.806942, 0.000174, 3.000000, 0.000000, 0.321781
490, 5364.396396, -0.000062, 2.808744, -0.000175, 3.000000, 0.000000, 0.717356
491, 5375.344144, 0.000057, 2.806778, 0.000160, 3.000000, 0.000000, 0.151701
492, 5386.291892, -0.000058, 2.808779, -0.000162, 3.000000, 0.000000, 0.869696
493, 5397.239640, 0.000039, 2.806911, 0.000108, 3.000000, 0.000000, 0.057791
494, 5408.187387, -0.000011, 2.808131, -0.000032, 3.000000, 0.000000, 0.811174
495, 5419.135135, -0.000024, 2.807718, -0.000068, 3.000000, 0.000000, 0.227780
496, 5430.082883, 0.000050, 2.807098, 0.000139, 3.000000, 0.000000, 0.641002
497, 5441.030631, -0.000056, 2.808128, -0.000157, 3.000000, 0.000000, 0.398409
498, 5451.978378, 0.000066, 2.806649, 0.000184, 3.000000, 0.000000, 0.470190
499, 5462.926126, -0.000066, 2.808357, -0.000185, 3.000000, 0.000000, 0.569038
500, 5473.873874, 0.000061, 2.806524, 0.000171, 3.000000, 0.000000, 0.300293
501, 5484.821622, -0.000062, 2.808340, -0.000175, 3.000000, 0.000000, 0.739027
502, 5495.769369, 0.000057, 2.806324, 0.000159, 3.000000, 0.000000, 0.129572
503, 5506.717117, -0.000057, 2.808268, -0.000159, 3.000000, 0.000000, 0.868782
504, 5517.664865, 0.000034, 2.806404, 0.000096, 3.000000, 0.000000, 0.079371
505, 5528.612613, -0.000004, 2.807492, -0.000011, 3.000000, 0.000000, 0.788954
506, 5539.560360, -0.000032, 2.807326, -0.000091, 3.000000, 0.000000, 0.249726
507, 5550.508108, 0.000058, 2.806498, 0.000161, 3.000000, 0.000000, 0.618599
508, 5561.455856, -0.000059, 2.807707, -0.000167, 3.000000, 0.000000, 0.420172
509, 5572.403604, 0.000066, 2.806201, 0.000184, 3.000000, 0.000000, 0.448153
510, 5583.351351, -0.000066, 2.807878, -0.000185, 3.000000, 0.000000, 0.590801
511, 5594.299099, 0.000060, 2.806041, 0.000169, 3.000000, 0.000000, 0.278072
512, 5605.246847, -0.000061, 2.807909, -0.000171, 3.000000, 0.000000, 0.761156
513, 5616.194595, 0.000056, 2.805863, 0.000157, 3.000000, 0.000000, 0.107535
514, 5627.142342, -0.000055, 2.807789, -0.000156, 3.000000, 0.000000, 0.868782
515, 5638.090090, 0.000026, 2.806150, 0.000073, 3.000000, 0.000000, 0.102505
516, 5649.037838, 0.000006, 2.806916, 0.000018, 3.000000, 0.000000, 0.766551
517, 5659.985586, -0.000036, 2.806986, -0.000101, 3.000000, 0.000000, 0.272586
518, 5670.933333, 0.000060, 2.806000, 0.000169, 3.000000, 0.000000, 0.596196
519, 5681.881081, -0.000061, 2.807331, -0.000173, 3.000000, 0.000000, 0.442849
520, 5692.828829, 0.000066, 2.805709, 0.000185, 3.000000, 0.000000, 0.425567
521, 5703.776577, -0.000066, 2.807474, -0.000185, 3.000000, 0.000000, 0.613021
522, 5714.724324, 0.000060, 2.805542, 0.000168, 3.000000, 0.000000, 0.255395
523, 5725.672072, -0.000061, 2.807418, -0.000171, 3.000000, 0.000000, 0.783833
524, 5736.619820, 0.000056, 2.805363, 0.000156, 3.000000, 0.000000, 0.084674
525, 5747.567568, -0.000050, 2.807291, -0.000141, 3.000000, 0.000000, 0.868599
526, 5758.515315, 0.000016, 2.805804, 0.000043, 3.000000, 0.000000, 0.124268
527, 5769.463063, 0.000016, 2.806309, 0.000044, 3.000000, 0.000000, 0.744239
528, 5780.410811, -0.000039, 2.806524, -0.000110, 3.000000, 0.000000, 0.294806
529, 5791.358559, 0.000061, 2.805490, 0.000171, 3.000000, 0.000000, 0.573884
530, 5802.306306, -0.000062, 2.806847, -0.000174, 3.000000, 0.000000, 0.464978
531, 5813.254054, 0.000065, 2.805207, 0.000183, 3.000000, 0.000000, 0.403713
532, 5824.201802, -0.000066, 2.806993, -0.000186, 3.000000, 0.000000, 0.635333
533, 5835.149550, 0.000060, 2.805065, 0.000167, 3.000000, 0.000000, 0.233083
534, 5846.097297, -0.000060, 2.806949, -0.000169, 3.000000, 0.000000, 0.805505
535, 5857.045045, 0.000056, 2.804875, 0.000156, 3.000000, 0.000000, 0.062454
536, 5867.992793, -0.000045, 2.806742, -0.000126, 3.000000, 0.000000, 0.867502
537, 5878.940541, 0.000005, 2.805489, 0.000015, 3.000000, 0.000000, 0.146397
538, 5889.888288, 0.000024, 2.805717, 0.000068, 3.000000, 0.000000, 0.721836
539, 5900.836036, -0.000043, 2.806120, -0.000121, 3.000000, 0.000000, 0.316661
540, 5911.783784, 0.000062, 2.804968, 0.000175, 3.000000, 0.000000, 0.551573
541, 5922.731532, -0.000063, 2.806389, -0.000178, 3.000000, 0.000000, 0.487564
542, 5933.679279, 0.000065, 2.804685, 0.000182, 3.000000, 0.000000, 0.381767
543, 5944.627027, -0.000065, 2.806499, -0.000183, 3.000000, 0.000000, 0.657919
544, 5955.574775, 0.000058, 2.804596, 0.000163, 3.000000, 0.000000, 0.211138
545, 5966.522523, -0.000059, 2.806479, -0.000166, 3.000000, 0.000000, 0.828091
546, 5977.470270, 0.000054, 2.804391, 0.000150, 3.000000, 0.000000, 0.040143
547, 5988.418018, -0.000038, 2.806149, -0.000108, 3.000000, 0.000000, 0.868325
548, 5999.365766, -0.000004, 2.805084, -0.000011, 3.000000, 0.000000, 0.168526
549, 6010.313514, 0.000032, 2.805051, 0.000090, 3.000000, 0.000000, 0.699707
550, 6021.261261, -0.000046, 2.805683, -0.000131, 3.000000, 0.000000, 0.339247
551, 6032.209009, 0.000065, 2.804426, 0.000181, 3.000000, 0.000000, 0.528713
552, 6043.156757, -0.000065, 2.805989, -0.000183, 3.000000, 0.000000, 0.509418
553, 6054.104505, 0.000064, 2.804282, 0.000178, 3.000000, 0.000000, 0.359181
554, 6065.052252, -0.000064, 2.806048, -0.000181, 3.000000, 0.000000, 0.679682
555, 6076.000000, 0.000058, 2.804051, 0.000162, 3.000000, 0.000000, 0.188826
556, 6086.947748, -0.000058, 2.806013, -0.000164, 3.000000, 0.000000, 0.850494
557, 6097.895495, 0.000050, 2.804026, 0.000140, 3.000000, 0.000000, 0.038954
558, 6108.843243, -0.000030, 2.805586, -0.000084, 3.000000, 0.000000, 0.848025
559, 6119.790991, -0.000012, 2.804762, -0.000034, 3.000000, 0.000000, 0.190838
560, 6130.738739, 0.000040, 2.804520, 0.000110, 3.000000, 0.000000, 0.677213
561, 6141.686486, -0.000050, 2.805297, -0.000141, 3.000000, 0.000000, 0.361192
562, 6152.634234, 0.000065, 2.803932, 0.000182, 3.000000, 0.000000, 0.506401
563, 6163.581982, -0.000066, 2.805539, -0.000185, 3.000000, 0.000000, 0.531456
564, 6174.529730, 0.000063, 2.803718, 0.000178, 3.000000, 0.000000, 0.336229
565, 6185.477477, -0.000064, 2.805541, -0.000179, 3.000000, 0.000000, 0.701811
566, 6196.425225, 0.000057, 2.803585, 0.000159, 3.000000, 0.000000, 0.165966
567, 6207.372973, -0.000057, 2.805492, -0.000160, 3.000000, 0.000000, 0.868325
568, 6218.320721, 0.000041, 2.803647, 0.000115, 3.000000, 0.000000, 0.042429
569, 6229.268468, -0.000017, 2.804971, -0.000047, 3.000000, 0.000000, 0.825713
570, 6240.216216, -0.000021, 2.804401, -0.000060, 3.000000, 0.000000, 0.213058
571, 6251.163964, 0.000047, 2.803953, 0.000132, 3.000000, 0.000000, 0.655358
572, 6262.111712, -0.000054, 2.804882, -0.000151, 3.000000, 0.000000, 0.383595
573, 6273.059459, 0.000065, 2.803412, 0.000183, 3.000000, 0.000000, 0.484638
574, 6284.007207, -0.000066, 2.805072, -0.000185, 3.000000, 0.000000, 0.553859
575, 6294.954955, 0.000063, 2.803240, 0.000176, 3.000000, 0.000000, 0.313917
576, 6305.902703, -0.000063, 2.805074, -0.000176, 3.000000, 0.000000, 0.724122
577, 6316.850450, 0.000055, 2.803149, 0.000153, 3.000000, 0.000000, 0.144111
578, 6327.798198, -0.000056, 2.805060, -0.000156, 3.000000, 0.000000, 0.868416
579, 6338.745946, 0.000037, 2.803187, 0.000102, 3.000000, 0.000000, 0.065106
580, 6349.693694, -0.000008, 2.804342, -0.000022, 3.000000, 0.000000, 0.803036
581, 6360.641441, -0.000027, 2.804028, -0.000077, 3.000000, 0.000000, 0.235552
582, 6371.589189, 0.000053, 2.803340, 0.000148, 3.000000, 0.000000, 0.632590
583, 6382.536937, -0.000057, 2.804404, -0.000161, 3.000000, 0.000000, 0.405633
584, 6393.484685, 0.000066, 2.802902, 0.000185, 3.000000, 0.000000, 0.462783
585, 6404.432432, -0.000066, 2.804615, -0.000185, 3.000000, 0.000000, 0.575805
586, 6415.380180, 0.000062, 2.802738, 0.000173, 3.000000, 0.000000, 0.292154
587, 6426.327928, -0.000063, 2.804644, -0.000177, 3.000000, 0.000000, 0.746068
588, 6437.275676, 0.000056, 2.802662, 0.000157, 3.000000, 0.000000, 0.122165
589, 6448.223423, -0.000056, 2.804543, -0.000156, 3.000000, 0.000000, 0.867959
590, 6459.171171, 0.000031, 2.802824, 0.000088, 3.000000, 0.000000, 0.087326
591, 6470.118919, 0.000000, 2.803797, 0.000000, 3.000000, 0.000000, 0.780907
592, 6481.066667, -0.000034, 2.803633, -0.000095, 3.000000, 0.000000, 0.257773
593, 6492.014414, 0.000058, 2.802772, 0.000162, 3.000000, 0.000000, 0.610735
594, 6502.962162, -0.000059, 2.804040, -0.000166, 3.000000, 0.000000, 0.428127
595, 6513.909910, 0.000066, 2.802469, 0.000184, 3.000000, 0.000000, 0.440929
596, 6524.857658, -0.000066, 2.804237, -0.000185, 3.000000, 0.000000, 0.598299
597, 6535.805405, 0.000061, 2.802293, 0.000170, 3.000000, 0.000000, 0.270300
598, 6546.753153, -0.000062, 2.804122, -0.000173, 3.000000, 0.000000, 0.768471
599, 6557.700901, 0.000054, 2.802184, 0.000152, 3.000000, 0.000000, 0.099762
600, 6568.648649, -0.000052, 2.804066, -0.000146, 3.000000, 0.000000, 0.868325
601, 6579.596396, 0.000023, 2.802439, 0.000064, 3.000000, 0.000000, 0.109364
602, 6590.544144, 0.000010, 2.803163, 0.000027, 3.000000, 0.000000, 0.758687
603, 6601.491892, -0.000037, 2.803230, -0.000105, 3.000000, 0.000000, 0.279810
604, 6612.439640, 0.000060, 2.802278, 0.000168, 3.000000, 0.000000, 0.588515
605, 6623.387387, -0.000061, 2.803601, -0.000172, 3.000000, 0.000000, 0.450165
606, 6634.335135, 0.000066, 2.801954, 0.000184, 3.000000, 0.000000, 0.417703
607, 6645.282883, -0.000067, 2.803720, -0.000187, 3.000000, 0.000000, 0.620702
608, 6656.230631, 0.000061, 2.801861, 0.000170, 3.000000, 0.000000, 0.247531
609, 6667.178378, -0.000061, 2.803724, -0.000171, 3.000000, 0.000000, 0.791057
610, 6678.126126, 0.000054, 2.801723, 0.000150, 3.000000, 0.000000, 0.077176
611, 6689.073874, -0.000047, 2.803549, -0.000132, 3.000000, 0.000000, 0.868508
612, 6700.021622, 0.000013, 2.802101, 0.000035, 3.000000, 0.000000, 0.131675
613, 6710.969369, 0.000019, 2.802554, 0.000052, 3.000000, 0.000000, 0.736284
614, 6721.917117, -0.000041, 2.802814, -0.000115, 3.000000, 0.000000, 0.302396
615, 6732.864865, 0.000062, 2.801793, 0.000174, 3.000000, 0.000000, 0.566020
616, 6743.812613, -0.000064, 2.803212, -0.000178, 3.000000, 0.000000, 0.471836
617, 6754.760360, 0.000065, 2.801483, 0.000181, 3.000000, 0.000000, 0.395391
618, 6765.708108, -0.000064, 2.803231, -0.000180, 3.000000, 0.000000, 0.642831
619, 6776.655856, 0.000058, 2.801355, 0.000161, 3.000000, 0.000000, 0.224762
620, 6787.603604, -0.000058, 2.803209, -0.000163, 3.000000, 0.000000, 0.813369
621, 6798.551351, 0.000053, 2.801226, 0.000148, 3.000000, 0.000000, 0.054407
622, 6809.499099, -0.000042, 2.803014, -0.000117, 3.000000, 0.000000, 0.867685
623, 6820.446847, 0.000001, 2.801831, 0.000001, 3.000000, 0.000000, 0.154078
624, 6831.394595, 0.000029, 2.801950, 0.000082, 3.000000, 0.000000, 0.713606
625, 6842.342342, -0.000044, 2.802432, -0.000124, 3.000000, 0.000000, 0.323793
626, 6853.290090, 0.000063, 2.801262, 0.000177, 3.000000, 0.000000, 0.543892
627, 6864.237838, -0.000064, 2.802762, -0.000181, 3.000000, 0.000000, 0.494422
628, 6875.185586, 0.000065, 2.800994, 0.000181, 3.000000, 0.000000, 0.372805
629, 6886.133333, -0.000066, 2.802814, -0.000184, 3.000000, 0.000000, 0.664503
630, 6897.081081, 0.000058, 2.800917, 0.000163, 3.000000, 0.000000, 0.202816
631, 6908.028829, -0.000059, 2.802806, -0.000165, 3.000000, 0.000000, 0.835406
632, 6918.976577, 0.000054, 2.800706, 0.000151, 3.000000, 0.000000, 0.037857
633, 6929.924324, -0.000037, 2.802486, -0.000104, 3.000000, 0.000000, 0.861924
634, 6940.872072, -0.000008, 2.801436, -0.000022, 3.000000, 0.000000, 0.175933
635, 6951.819820, 0.000036, 2.801294, 0.000100, 3.000000, 0.000000, 0.691569
636, 6962.767568, -0.000048, 2.801958, -0.000134, 3.000000, 0.000000, 0.346653
637, 6973.715315, 0.000065, 2.800714, 0.000181, 3.000000, 0.000000, 0.521031
638, 6984.663063, -0.000066, 2.802269, -0.000185, 3.000000, 0.000000, 0.516825
639, 6995.610811, 0.000064, 2.800509, 0.000179, 3.000000, 0.000000, 0.350677
640, 7006.558559, -0.000063, 2.802331, -0.000178, 3.000000, 0.000000, 0.686723
641, 7017.506306, 0.000057, 2.800391, 0.000159, 3.000000, 0.000000, 0.181145
642, 7028.454054, -0.000057, 2.802267, -0.000161, 3.000000, 0.000000, 0.857809
643, 7039.401802, 0.000048, 2.800281, 0.000135, 3.000000, 0.000000, 0.040051
644, 7050.349550, -0.000027, 2.801862, -0.000077, 3.000000, 0.000000, 0.841258
645, 7061.297297, -0.000016, 2.801109, -0.000045, 3.000000, 0.000000, 0.198427
646, 7072.245045, 0.000042, 2.800787, 0.000119, 3.000000, 0.000000, 0.670812
647, 7083.192793, -0.000051, 2.801589, -0.000144, 3.000000, 0.000000, 0.369056
648, 7094.140541, 0.000066, 2.800185, 0.000183, 3.000000, 0.000000, 0.500732
649, 7105.088288, -0.000066, 2.801833, -0.000185, 3.000000, 0.000000, 0.539503
650, 7116.036036, 0.000063, 2.800027, 0.000176, 3.000000, 0.000000, 0.330377
651, 7126.983784, -0.000063, 2.801893, -0.000176, 3.000000, 0.000000, 0.710040
652, 7137.931532, 0.000057, 2.799889, 0.000159, 3.000000, 0.000000, 0.159839
653, 7148.879279, -0.000058, 2.801834, -0.000162, 3.000000, 0.000000, 0.869514
654, 7159.827027, 0.000043, 2.799864, 0.000119, 3.000000, 0.000000, 0.050658
655, 7170.774775, -0.000017, 2.801219, -0.000047, 3.000000, 0.000000, 0.819129
656, 7181.722523, -0.000025, 2.800728, -0.000070, 3.000000, 0.000000, 0.220373
657, 7192.670270, 0.000051, 2.800125, 0.000143, 3.000000, 0.000000, 0.647403
658, 7203.618018, -0.000055, 2.801159, -0.000154, 3.000000, 0.000000, 0.390911
659, 7214.565766, 0.000066, 2.799762, 0.000184, 3.000000, 0.000000, 0.476865
660, 7225.513514, -0.000066, 2.801450, -0.000186, 3.000000, 0.000000, 0.561266
661, 7236.461261, 0.000062, 2.799611, 0.000172, 3.000000, 0.000000, 0.306693
662, 7247.409009, -0.000061, 2.801425, -0.000172, 3.000000, 0.000000, 0.731712
663, 7258.356757, 0.000054, 2.799464, 0.000152, 3.000000, 0.000000, 0.136339
664, 7269.304505, -0.000055, 2.801376, -0.000155, 3.000000, 0.000000, 0.867776
665, 7280.252252, 0.000037, 2.799509, 0.000102, 3.000000, 0.000000, 0.071781
666, 7291.200000, 0.420194, -0.026156, -0.942074, 1.324159, 0.558797, 0.760333
667, 7302.147748, 0.731992, -2.285771, -1.673164, 0.000000, 1.000000, 0.241770
668, 7313.095495, 0.721492, -2.285079, -1.648670, 0.000000, 1.000000, 0.624909
669, 7324.043243, 0.712324, -2.276851, -1.621900, 0.000000, 1.000000, 0.412491
670, 7334.990991, 0.379300, -1.591808, -0.654529, 0.000000, 1.000000, 0.460863
671, 7345.938739, 0.092334, -0.978787, -0.093162, 0.858815, 1.000000, 0.584217
672, 7356.886486, 0.016935, -0.685587, -0.014102, 2.078456, 0.448427, 0.286851
673, 7367.834234, -0.000000, -0.362631, -0.000000, 3.000000, 0.000000, 0.753841
674, 7378.781982, 0.000006, -0.434280, -0.000003, 3.000000, 0.000000, 0.115673
675, 7389.729730, -0.000002, -0.307711, 0.000001, 3.000000, 0.000000, 0.869422
676, 7400.677477, 0.000003, -0.444470, -0.000002, 3.000000, 0.000000, 0.094459
677, 7411.625225, -0.000000, -0.280540, -0.000000, 3.000000, 0.000000, 0.774781
678, 7422.572973, 0.000000, -0.427617, -0.000001, 3.000000, 0.000000, 0.265179
679, 7433.520721, 0.000001, -0.292253, -0.000001, 3.000000, 0.000000, 0.604700
680, 7444.468468, -0.000001, -0.388519, 0.000000, 3.000000, 0.000000, 0.435534
681, 7455.416216, 0.000002, -0.323748, -0.000001, 3.000000, 0.000000, 0.434345
682, 7466.363964, -0.000002, -0.343411, 0.000000, 3.000000, 0.000000, 0.606072
683, 7477.311712, 0.000002, -0.355106, -0.000001, 3.000000, 0.000000, 0.264082
684, 7488.259459, -0.000002, -0.298063, 0.000001, 3.000000, 0.000000, 0.776518
685, 7499.207207, 0.000002, -0.383493, -0.000001, 3.000000, 0.000000, 0.094001
686, 7510.154955, -0.000002, -0.257602, 0.000000, 3.000000, 0.000000, 0.869879
687, 7521.102703, 0.000001, -0.405549, -0.000000, 3.000000, 0.000000, 0.116679
688, 7532.050450, -0.000000, -0.243700, -0.000000, 3.000000, 0.000000, 0.753292
689, 7542.998198, -0.000001, -0.390965, 0.000000, 3.000000, 0.000000, 0.287125
690, 7553.945946, 0.000001, -0.269814, -0.000001, 3.000000, 0.000000, 0.582754
691, 7564.893694, -0.000001, -0.370832, 0.000000, 3.000000, 0.000000, 0.457754
692, 7575.841441, 0.000002, -0.330238, -0.000001, 3.000000, 0.000000, 0.412034
693, 7586.789189, -0.000002, -0.351955, 0.000000, 3.000000, 0.000000, 0.628018
694, 7597.736937, 0.000003, -0.385950, -0.000002, 3.000000, 0.000000, 0.241770
695, 7608.684685, -0.000002, -0.329267, 0.000000, 3.000000, 0.000000, 0.798738
696, 7619.632432, 0.000005, -0.432518, -0.000002, 3.000000, 0.000000, 0.071507
697, 7630.580180, -0.000002, -0.305499, 0.000000, 3.000000, 0.000000, 0.870428
698, 7641.527928, 0.000004, -0.461238, -0.000002, 3.000000, 0.000000, 0.139722
699, 7652.475676, 0.000000, -0.308057, -0.000000, 3.000000, 0.000000, 0.731163
700, 7663.423423, 0.000004, -0.452494, -0.000002, 3.000000, 0.000000, 0.309985
701, 7674.371171, 0.000002, -0.341312, -0.000001, 3.000000, 0.000000, 0.560534
702, 7685.318919, 0.000002, -0.417191, -0.000002, 3.000000, 0.000000, 0.480614
703, 7696.266667, 0.000005, -0.383245, -0.000003, 3.000000, 0.000000, 0.389996
704, 7707.214414, -0.000000, -0.378888, -0.000000, 3.000000, 0.000000, 0.650878
705, 7718.162162, 0.000007, -0.421317, -0.000003, 3.000000, 0.000000, 0.219367
706, 7729.109910, -0.000001, -0.345345, 0.000000, 3.000000, 0.000000, 0.821324
707, 7740.057658, 0.000007, -0.451723, -0.000003, 3.000000, 0.000000, 0.049653
708, 7751.005405, -0.000001, -0.313121, 0.000000, 3.000000, 0.000000, 0.871159
709, 7761.953153, 0.000005, -0.469788, -0.000003, 3.000000, 0.000000, 0.161942
710, 7772.900901, 0.000001, -0.315483, -0.000000, 3.000000, 0.000000, 0.708760
711, 7783.848649, 0.000004, -0.453390, -0.000003, 3.000000, 0.000000, 0.332206
712, 7794.796396, 0.000003, -0.348223, -0.000001, 3.000000, 0.000000, 0.538497
713, 7805.744144, 0.000002, -0.412622, -0.000001, 3.000000, 0.000000, 0.502652
714, 7816.691892, 0.000005, -0.388573, -0.000003, 3.000000, 0.000000, 0.368050
715, 7827.639640, -0.000000, -0.374659, -0.000000, 3.000000, 0.000000, 0.673189
716, 7838.587387, 0.000006, -0.424884, -0.000003, 3.000000, 0.000000, 0.197421
717, 7849.535135, -0.000001, -0.341261, 0.000000, 3.000000, 0.000000, 0.843727
718, 7860.482883, 0.000007, -0.455952, -0.000003, 3.000000, 0.000000, 0.041789
719, 7871.430631, -0.000001, -0.310452, 0.000000, 3.000000, 0.000000, 0.856986
720, 7882.378378, 0.000005, -0.468560, -0.000003, 3.000000, 0.000000, 0.184437
721, 7893.326126, 0.000001, -0.317341, -0.000000, 3.000000, 0.000000, 0.686723
722, 7904.273874, 0.000004, -0.448503, -0.000002, 3.000000, 0.000000, 0.354792
723, 7915.221622, 0.000003, -0.353347, -0.000002, 3.000000, 0.000000, 0.516002
724, 7926.169369, 0.000002, -0.407239, -0.000001, 3.000000, 0.000000, 0.525146
725, 7937.117117, 0.000005, -0.393157, -0.000003, 3.000000, 0.000000, 0.345922
726, 7948.064865, -0.000001, -0.367805, -0.000000, 3.000000, 0.000000, 0.695958
727, 7959.012613, 0.000006, -0.429395, -0.000003, 3.000000, 0.000000, 0.175201
728, 7969.960360, -0.000001, -0.337590, 0.000000, 3.000000, 0.000000, 0.866039
729, 7980.908108, 0.000007, -0.460514, -0.000003, 3.000000, 0.000000, 0.041697
730, 7991.855856, -0.000001, -0.308920, 0.000000, 3.000000, 0.000000, 0.834674
731, 8002.803604, 0.000005, -0.465547, -0.000003, 3.000000, 0.000000, 0.207206
732, 8013.751351, 0.000001, -0.321531, -0.000001, 3.000000, 0.000000, 0.664503
733, 8024.699099, 0.000004, -0.443884, -0.000002, 3.000000, 0.000000, 0.377377
734, 8035.646847, 0.000004, -0.359616, -0.000002, 3.000000, 0.000000, 0.493965
735, 8046.594595, 0.000002, -0.403863, -0.000001, 3.000000, 0.000000, 0.547366
736, 8057.542342, 0.000006, -0.398582, -0.000003, 3.000000, 0.000000, 0.323702
737, 8068.490090, -0.000001, -0.363909, 0.000000, 3.000000, 0.000000, 0.718179
738, 8079.437838, 0.000007, -0.434181, -0.000003, 3.000000, 0.000000, 0.153164
739, 8090.385586, -0.000002, -0.333408, 0.000000, 3.000000, 0.000000, 0.870611
740, 8101.333333, 0.000007, -0.463965, -0.000003, 3.000000, 0.000000, 0.058705
741, 8112.281081, -0.000001, -0.308021, 0.000000, 3.000000, 0.000000, 0.812820
742, 8123.228829, 0.000004, -0.462392, -0.000002, 3.000000, 0.000000, 0.229243
743, 8134.176577, 0.000002, -0.325243, -0.000001, 3.000000, 0.000000, 0.642465
744, 8145.124324, 0.000003, -0.439357, -0.000002, 3.000000, 0.000000, 0.399598
745, 8156.072072, 0.000004, -0.364232, -0.000002, 3.000000, 0.000000, 0.471470
746, 8167.019820, 0.000001, -0.398985, -0.000001, 3.000000, 0.000000, 0.570135
747, 8177.967568, 0.000006, -0.402836, -0.000003, 3.000000, 0.000000, 0.301116
748, 8188.915315, -0.000001, -0.358522, 0.000000, 3.000000, 0.000000, 0.740124
749, 8199.863063, 0.000006, -0.437521, -0.000003, 3.000000, 0.000000, 0.131035
750, 8210.810811, -0.000002, -0.328060, 0.000000, 3.000000, 0.000000, 0.870885
751, 8221.758559, 0.000007, -0.467098, -0.000003, 3.000000, 0.000000, 0.081108
752, 8232.706306, -0.000000, -0.308543, 0.000000, 3.000000, 0.000000, 0.790417
753, 8243.654054, 0.000004, -0.458838, -0.000002, 3.000000, 0.000000, 0.251554
754, 8254.601802, 0.000002, -0.330453, -0.000001, 3.000000, 0.000000, 0.619879
755, 8265.549550, 0.000003, -0.433191, -0.000002, 3.000000, 0.000000, 0.422092
756, 8276.497297, 0.000004, -0.370228, -0.000002, 3.000000, 0.000000, 0.449616
757, 8287.445045, 0.000001, -0.389940, -0.000001, 3.000000, 0.000000, 0.592264
758, 8298.392793, 0.000003, -0.386073, -0.000001, 3.000000, 0.000000, 0.278804
759, 8309.340541, -0.000002, -0.324769, 0.000000, 3.000000, 0.000000, 0.762619
760, 8320.288288, 0.000002, -0.399380, -0.000001, 3.000000, 0.000000, 0.108815
761, 8331.236036, -0.000002, -0.274181, 0.000001, 3.000000, 0.000000, 0.870885
762, 8342.183784, 0.000001, -0.411163, -0.000001, 3.000000, 0.000000, 0.103328
763, 8353.131532, -0.000000, -0.242691, -0.000000, 3.000000, 0.000000, 0.768105
764, 8364.079279, -0.000001, -0.385214, 0.000000, 3.000000, 0.000000, 0.274049
765, 8375.027027, 0.000001, -0.250994, -0.000001, 3.000000, 0.000000, 0.597933
766, 8385.974775, -0.000002, -0.342561, 0.000000, 3.000000, 0.000000, 0.444129
767, 8396.922523, 0.000001, -0.276314, -0.000001, 3.000000, 0.000000, 0.427304
768, 8407.870270, -0.000002, -0.292692, 0.000001, 3.000000, 0.000000, 0.614576
769, 8418.818018, 0.000001, -0.301208, -0.000001, 3.000000, 0.000000, 0.256858
770, 8429.765766, -0.000002, -0.236194, 0.000000, 3.000000, 0.000000, 0.784931
771, 8440.713514, 0.000001, -0.323272, -0.000000, 3.000000, 0.000000, 0.086138
772, 8451.661261, -0.000002, -0.192034, 0.000000, 3.000000, 0.000000, 0.871342
773, 8462.609009, 0.000000, -0.337395, -0.000000, 3.000000, 0.000000, 0.126006
774, 8473.556757, -0.000000, -0.169943, -0.000000, 3.000000, 0.000000, 0.745519
775, 8484.504505, -0.000001, -0.324309, 0.000000, 3.000000, 0.000000, 0.296086
776, 8495.452252, 0.000001, -0.242931, -0.000001, 3.000000, 0.000000, 0.575165
777, 8506.400000, -0.000002, -0.329372, 0.000000, 3.000000, 0.000000, 0.466441
778, 8517.347748, 0.000002, -0.282166, -0.000001, 3.000000, 0.000000, 0.404718
779, 8528.295495, -0.000002, -0.294213, 0.000001, 3.000000, 0.000000, 0.636613
780, 8539.243243, 0.000001, -0.319209, -0.000001, 3.000000, 0.000000, 0.234821
781, 8550.190991, -0.000002, -0.250456, 0.000000, 3.000000, 0.000000, 0.807425
782, 8561.138739, 0.000001, -0.352667, -0.000001, 3.000000, 0.000000, 0.064192
783, 8572.086486, -0.000002, -0.219252, 0.000000, 3.000000, 0.000000, 0.871251
784, 8583.034234, 0.000000, -0.374206, -0.000000, 3.000000, 0.000000, 0.148043
785, 8593.981982, 0.000000, -0.214967, -0.000000, 3.000000, 0.000000, 0.723299
786, 8604.929730, -0.000001, -0.354711, 0.000000, 3.000000, 0.000000, 0.318398
787, 8615.877477, 0.000001, -0.244840, -0.000001, 3.000000, 0.000000, 0.552487
788, 8626.825225, -0.000002, -0.320369, 0.000001, 3.000000, 0.000000, 0.489119
789, 8637.772973, 0.000001, -0.283584, -0.000001, 3.000000, 0.000000, 0.382224
790, 8648.720721, -0.000002, -0.285495, 0.000001, 3.000000, 0.000000, 0.659382
791, 8659.668468, 0.000001, -0.320491, -0.000001, 3.000000, 0.000000, 0.212052
792, 8670.616216, -0.000002, -0.243044, 0.000000, 3.000000, 0.000000, 0.830011
793, 8681.563964, 0.000001, -0.352079, -0.000000, 3.000000, 0.000000, 0.041971
794, 8692.511712, -0.000001, -0.211672, 0.000000, 3.000000, 0.000000, 0.871159
795, 8703.459459, -0.000000, -0.371249, -0.000000, 3.000000, 0.000000, 0.170629
796, 8714.407207, 0.000000, -0.213904, -0.000000, 3.000000, 0.000000, 0.701445
797, 8725.354955, -0.000002, -0.347557, 0.000000, 3.000000, 0.000000, 0.341167
798, 8736.302703, 0.000001, -0.245731, -0.000001, 3.000000, 0.000000, 0.530816
799, 8747.250450, -0.000002, -0.310952, 0.000001, 3.000000, 0.000000, 0.511522
800, 8758.198198, 0.000001, -0.285086, -0.000001, 3.000000, 0.000000, 0.360187
801, 8769.145946, -0.000002, -0.274580, 0.000001, 3.000000, 0.000000, 0.681968
802, 8780.093694, 0.000001, -0.320952, -0.000001, 3.000000, 0.000000, 0.189832
803, 8791.041441, -0.000002, -0.234376, 0.000000, 3.000000, 0.000000, 0.852140
804, 8801.989189, 0.000001, -0.353400, -0.000000, 3.000000, 0.000000, 0.041971
805, 8812.936937, -0.000001, -0.205747, 0.000000, 3.000000, 0.000000, 0.848848
806, 8823.884685, -0.000000, -0.366655, 0.000000, 3.000000, 0.000000, 0.192484
807, 8834.832432, 0.000001, -0.212421, -0.000000, 3.000000, 0.000000, 0.678585
808, 8845.780180, -0.000002, -0.342290, 0.000000, 3.000000, 0.000000, 0.363204
809, 8856.727928, 0.000001, -0.247102, -0.000001, 3.000000, 0.000000, 0.508504
810, 8867.675676, -0.000002, -0.303912, 0.000001, 3.000000, 0.000000, 0.533833
811, 8878.623423, 0.000001, -0.286103, -0.000001, 3.000000, 0.000000, 0.338149
812, 8889.571171, -0.000002, -0.266725, 0.000000, 3.000000, 0.000000, 0.704097
813, 8900.518919, 0.000001, -0.322439, -0.000001, 3.000000, 0.000000, 0.167429
814, 8911.466667, -0.000002, -0.228085, 0.000000, 3.000000, 0.000000, 0.871159
815, 8922.414414, 0.000001, -0.351904, -0.000000, 3.000000, 0.000000, 0.044989
816, 8933.362162, -0.000001, -0.199832, 0.000000, 3.000000, 0.000000, 0.826353
817, 8944.309910, -0.000001, -0.361416, 0.000000, 3.000000, 0.000000, 0.215435
818, 8955.257658, 0.000001, -0.212539, -0.000000, 3.000000, 0.000000, 0.656639
819, 8966.205405, -0.000002, -0.335711, 0.000000, 3.000000, 0.000000, 0.385881
820, 8977.153153, 0.000001, -0.248771, -0.000001, 3.000000, 0.000000, 0.486375
821, 8988.100901, -0.000002, -0.294389, 0.000001, 3.000000, 0.000000, 0.556236
822, 8999.048649, 0.000001, -0.287843, -0.000001, 3.000000, 0.000000, 0.315472
823, 9009.996396, -0.000002, -0.257958, 0.000001, 3.000000, 0.000000, 0.726500
824, 9020.944144, 0.000001, -0.323914, -0.000001, 3.000000, 0.000000, 0.145208
825, 9031.891892, -0.000002, -0.221281, 0.000000, 3.000000, 0.000000, 0.871434
826, 9042.839640, 0.000001, -0.351372, -0.000000, 3.000000, 0.000000, 0.067301
827, 9053.787387, -0.000001, -0.195737, 0.000000, 3.000000, 0.000000, 0.804499
828, 9064.735135, -0.000001, -0.353814, 0.000000, 3.000000, 0.000000, 0.237473
829, 9075.682883, 0.000001, -0.212846, -0.000000, 3.000000, 0.000000, 0.634053
830, 9086.630631, -0.000002, -0.328365, 0.000000, 3.000000, 0.000000, 0.407736
831, 9097.578378, 0.000002, -0.250732, -0.000001, 3.000000, 0.000000, 0.463789
832, 9108.526126, -0.000002, -0.284065, 0.000001, 3.000000, 0.000000, 0.578365
833, 9119.473874, 0.000001, -0.289073, -0.000001, 3.000000, 0.000000, 0.293435
834, 9130.421622, -0.000002, -0.247353, 0.000000, 3.000000, 0.000000, 0.748811
835, 9141.369369, 0.000001, -0.324830, -0.000001, 3.000000, 0.000000, 0.123080
836, 9152.317117, -0.000002, -0.214081, 0.000000, 3.000000, 0.000000, 0.871617
837, 9163.264865, 0.000001, -0.351810, -0.000000, 3.000000, 0.000000, 0.089978
838, 9174.212613, -0.000000, -0.193044, -0.000000, 3.000000, 0.000000, 0.782187
839, 9185.160360, -0.000001, -0.346995, 0.000000, 3.000000, 0.000000, 0.260424
840, 9196.108108, 0.000001, -0.214315, -0.000000, 3.000000, 0.000000, 0.611832
841, 9207.055856, -0.000002, -0.321030, 0.000000, 3.000000, 0.000000, 0.430596
842, 9218.003604, 0.000001, -0.252783, -0.000001, 3.000000, 0.000000, 0.441112
843, 9228.951351, -0.000002, -0.276212, 0.000001, 3.000000, 0.000000, 0.600951
844, 9239.899099, 0.000001, -0.290970, -0.000001, 3.000000, 0.000000, 0.270940
845, 9250.846847, -0.000002, -0.239485, 0.000000, 3.000000, 0.000000, 0.771397
846, 9261.794595, 0.000001, -0.326057, -0.000000, 3.000000, 0.000000, 0.100494
847, 9272.742342, -0.000002, -0.206930, 0.000000, 3.000000, 0.000000, 0.871708
848, 9283.690090, 0.000000, -0.349227, -0.000000, 3.000000, 0.000000, 0.112747
849, 9294.637838, -0.000000, -0.190471, -0.000000, 3.000000, 0.000000, 0.759236
850, 9305.585586, -0.000001, -0.341683, 0.000000, 3.000000, 0.000000, 0.283467
851, 9316.533333, 0.000001, -0.216322, -0.000001, 3.000000, 0.000000, 0.589064
852, 9327.481081, -0.000002, -0.313306, 0.000000, 3.000000, 0.000000, 0.453731
853, 9338.428829, 0.000001, -0.255188, -0.000001, 3.000000, 0.000000, 0.418252
854, 9349.376577, -0.000002, -0.268321, 0.000000, 3.000000, 0.000000, 0.623537
855, 9360.324324, 0.000001, -0.292755, -0.000001, 3.000000, 0.000000, 0.248263
856, 9371.272072, -0.000002, -0.231077, 0.000000, 3.000000, 0.000000, 0.794166
857, 9382.219820, 0.000001, -0.328040, -0.000000, 3.000000, 0.000000, 0.077634
858, 9393.167568, -0.000002, -0.201006, 0.000000, 3.000000, 0.000000, 0.871708
859, 9404.115315, 0.000000, -0.348955, -0.000000, 3.000000, 0.000000, 0.134876
860, 9415.063063, 0.000000, -0.189775, -0.000000, 3.000000, 0.000000, 0.736832
861, 9426.010811, -0.000001, -0.335683, 0.000000, 3.000000, 0.000000, 0.305139
862, 9436.958559, 0.000001, -0.218815, -0.000001, 3.000000, 0.000000, 0.566478
863, 9447.906306, -0.000002, -0.307255, 0.000000, 3.000000, 0.000000, 0.475585
864, 9458.854054, 0.000001, -0.257820, -0.000001, 3.000000, 0.000000, 0.396123
865, 9469.801802, -0.000002, -0.262151, 0.000001, 3.000000, 0.000000, 0.645940
866, 9480.749550, 0.000001, -0.294399, -0.000000, 3.000000, 0.000000, 0.225311
867, 9491.697297, -0.000002, -0.222676, 0.000000, 3.000000, 0.000000, 0.816661
868, 9502.645045, 0.000001, -0.328774, -0.000000, 3.000000, 0.000000, 0.054773
869, 9513.592793, -0.000002, -0.194522, 0.000000, 3.000000, 0.000000, 0.871800
870, 9524.540541, -0.000000, -0.347450, -0.000000, 3.000000, 0.000000, 0.157279
871, 9535.488288, 0.000000, -0.189234, -0.000000, 3.000000, 0.000000, 0.714521
872, 9546.436036, -0.000002, -0.328203, 0.000000, 3.000000, 0.000000, 0.327542
873, 9557.383784, 0.000001, -0.221121, -0.000001, 3.000000, 0.000000, 0.544075
874, 9568.331532, -0.000002, -0.296446, 0.000000, 3.000000, 0.000000, 0.498080
875, 9579.279279, 0.000001, -0.260198, -0.000001, 3.000000, 0.000000, 0.373263
876, 9590.227027, -0.000002, -0.255144, 0.000000, 3.000000, 0.000000, 0.668526
877, 9601.174775, 0.000001, -0.296412, -0.000000, 3.000000, 0.000000, 0.203274
878, 9612.122523, -0.000002, -0.215552, 0.000000, 3.000000, 0.000000, 0.838881
879, 9623.070270, 0.000001, -0.330617, -0.000000, 3.000000, 0.000000, 0.041789
880, 9634.018018, -0.000002, -0.188692, 0.000000, 3.000000, 0.000000, 0.862381
881, 9644.965766, -0.000001, -0.344606, 0.000000, 3.000000, 0.000000, 0.179773
882, 9655.913514, 0.000001, -0.189079, -0.000000, 3.000000, 0.000000, 0.691935
883, 9666.861261, -0.000002, -0.321176, 0.000000, 3.000000, 0.000000, 0.350219
884, 9677.809009, 0.000001, -0.223437, -0.000001, 3.000000, 0.000000, 0.521672
885, 9688.756757, -0.000002, -0.288052, 0.000000, 3.000000, 0.000000, 0.520666
886, 9699.704505, 0.000001, -0.262913, -0.000001, 3.000000, 0.000000, 0.351317
887, 9710.652252, -0.000002, -0.249113, 0.000000, 3.000000, 0.000000, 0.690838
888, 9721.600000, 0.000001, -0.298697, -0.000000, 3.000000, 0.000000, 0.180596
889, 9732.547748, -0.000002, -0.208673, 0.000000, 3.000000, 0.000000, 0.861284
890, 9743.495495, 0.000001, -0.331116, -0.000000, 3.000000, 0.000000, 0.041789
891, 9754.443243, -0.000001, -0.183153, 0.000000, 3.000000, 0.000000, 0.839978
892, 9765.390991, -0.000001, -0.342345, 0.000000, 3.000000, 0.000000, 0.201902
893, 9776.338739, 0.000001, -0.190208, -0.000000, 3.000000, 0.000000, 0.669166
894, 9787.286486, -0.000002, -0.315825, 0.000000, 3.000000, 0.000000, 0.373080
895, 9798.234234, 0.000001, -0.226205, -0.000001, 3.000000, 0.000000, 0.499268
896, 9809.181982, -0.000002, -0.279022, 0.000000, 3.000000, 0.000000, 0.543160
897, 9820.129730, 0.000001, -0.265575, -0.000001, 3.000000, 0.000000, 0.328639
898, 9831.077477, -0.000002, -0.241686, 0.000000, 3.000000, 0.000000, 0.713515
899, 9842.025225, 0.000001, -0.300944, -0.000000, 3.000000, 0.000000, 0.158742
900, 9852.972973, -0.000002, -0.202030, 0.000000, 3.000000, 0.000000, 0.871708
901, 9863.920721, 0.000001, -0.331882, -0.000000, 3.000000, 0.000000, 0.054225
902, 9874.868468, -0.000001, -0.179042, 0.000000, 3.000000, 0.000000, 0.817666
903, 9885.816216, -0.000001, -0.338667, 0.000000, 3.000000, 0.000000, 0.224762
904, 9896.763964, 0.000001, -0.192074, -0.000000, 3.000000, 0.000000, 0.646854
905, 9907.711712, -0.000002, -0.307664, 0.000000, 3.000000, 0.000000, 0.395208
906, 9918.659459, 0.000001, -0.229183, -0.000001, 3.000000, 0.000000, 0.476042
907, 9929.607207, -0.000002, -0.270643, 0.000000, 3.000000, 0.000000, 0.565563
908, 9940.554955, 0.000001, -0.268134, -0.000001, 3.000000, 0.000000, 0.305871
909, 9951.502703, -0.000002, -0.235928, 0.000000, 3.000000, 0.000000, 0.735918
910, 9962.450450, 0.000001, -0.303444, -0.000000, 3.000000, 0.000000, 0.135973
911, 9973.398198, -0.000002, -0.195369, 0.000000, 3.000000, 0.000000, 0.871525
912, 9984.345946, 0.000001, -0.333107, -0.000000, 3.000000, 0.000000, 0.077451
913, 9995.293694, -0.000001, -0.175992, 0.000000, 3.000000, 0.000000, 0.794715
914, 10006.241441, -0.000001, -0.334203, 0.000000, 3.000000, 0.000000, 0.247165
915, 10017.189189, 0.000001, -0.193992, -0.000000, 3.000000, 0.000000, 0.623720
916, 10028.136937, -0.000002, -0.302552, 0.000000, 3.000000, 0.000000, 0.417794
917, 10039.084685, 0.000001, -0.232174, -0.000001, 3.000000, 0.000000, 0.453548
918, 10050.032432, -0.000002, -0.263611, 0.000000, 3.000000, 0.000000, 0.588424
919, 10060.980180, 0.000001, -0.270797, -0.000001, 3.000000, 0.000000, 0.283376
920, 10071.927928, -0.000002, -0.229076, 0.000000, 3.000000, 0.000000, 0.758413
921, 10082.875676, 0.000001, -0.305272, -0.000000, 3.000000, 0.000000, 0.113204
922, 10093.823423, -0.000002, -0.188953, 0.000000, 3.000000, 0.000000, 0.871982
923, 10104.771171, 0.000001, -0.332464, -0.000000, 3.000000, 0.000000, 0.099488
924, 10115.718919, -0.000000, -0.173372, -0.000000, 3.000000, 0.000000, 0.772312
925, 10126.666667, -0.000001, -0.330064, 0.000000, 3.000000, 0.000000, 0.269660
926, 10137.614414, 0.000001, -0.196708, -0.000000, 3.000000, 0.000000, 0.601408
927, 10148.562162, -0.000002, -0.294224, 0.000000, 3.000000, 0.000000, 0.440380
928, 10159.509910, 0.000001, -0.235447, -0.000001, 3.000000, 0.000000, 0.431693
929, 10170.457658, -0.000002, -0.255542, 0.000000, 3.000000, 0.000000, 0.611010
930, 10181.405405, 0.000001, -0.273693, -0.000000, 3.000000, 0.000000, 0.260059
931, 10192.353153, -0.000002, -0.221837, 0.000000, 3.000000, 0.000000, 0.781181
932, 10203.300901, 0.000001, -0.307307, -0.000000, 3.000000, 0.000000, 0.090252
933, 10214.248649, -0.000002, -0.182549, 0.000000, 3.000000, 0.000000, 0.871800
934, 10225.196396, 0.000000, -0.331714, -0.000000, 3.000000, 0.000000, 0.122531
935, 10236.144144, -0.000000, -0.172168, -0.000000, 3.000000, 0.000000, 0.749268
936, 10247.091892, -0.000001, -0.324642, 0.000000, 3.000000, 0.000000, 0.292794
937, 10258.039640, 0.000001, -0.199424, -0.000001, 3.000000, 0.000000, 0.578731
938, 10268.987387, -0.000002, -0.288908, 0.000000, 3.000000, 0.000000, 0.463515
939, 10279.935135, 0.000001, -0.238557, -0.000001, 3.000000, 0.000000, 0.408650
940, 10290.882883, -0.000002, -0.248274, 0.000000, 3.000000, 0.000000, 0.633778
941, 10301.830631, 0.000001, -0.275957, -0.000000, 3.000000, 0.000000, 0.237747
942, 10312.778378, -0.000002, -0.213471, 0.000000, 3.000000, 0.000000, 0.806145
943, 10323.726126, 0.000001, -0.310657, -0.000000, 3.000000, 0.000000, 0.068672
944, 10334.673874, -0.000002, -0.178395, 0.000000, 3.000000, 0.000000, 0.871342
945, 10345.621622, -0.000000, -0.329939, -0.000000, 3.000000, 0.000000, 0.145300
946, 10356.569369, 0.000000, -0.171988, -0.000000, 3.000000, 0.000000, 0.726500
947, 10367.517117, -0.000001, -0.317637, 0.000000, 3.000000, 0.000000, 0.315289
948, 10378.464865, 0.000001, -0.202468, -0.000001, 3.000000, 0.000000, 0.556236
949, 10389.412613, -0.000002, -0.283546, 0.000000, 3.000000, 0.000000, 0.486284
950, 10400.360360, 0.000001, -0.241852, -0.000001, 3.000000, 0.000000, 0.386064
951, 10411.308108, -0.000002, -0.239983, 0.000000, 3.000000, 0.000000, 0.656364
952, 10422.255856, 0.000001, -0.278797, -0.000000, 3.000000, 0.000000, 0.215618
953, 10433.203604, -0.000002, -0.205697, 0.000000, 3.000000, 0.000000, 0.826902
954, 10444.151351, 0.000001, -0.313379, -0.000000, 3.000000, 0.000000, 0.044989
955, 10455.099099, -0.000002, -0.173845, 0.000000, 3.000000, 0.000000, 0.872531
956, 10466.046847, -0.000000, -0.326450, 0.000000, 3.000000, 0.000000, 0.167886
957, 10476.994595, 0.000001, -0.171893, -0.000000, 3.000000, 0.000000, 0.703822
958, 10487.942342, -0.000002, -0.310989, 0.000000, 3.000000, 0.000000, 0.338606
959, 10498.890090, 0.000001, -0.205666, -0.000001, 3.000000, 0.000000, 0.533559
960, 10509.837838, -0.000002, -0.276979, 0.000000, 3.000000, 0.000000, 0.508504
961, 10520.785586, 0.000001, -0.244825, -0.000000, 3.000000, 0.000000, 0.363021
962, 10531.733333, -0.000002, -0.233139, 0.000000, 3.000000, 0.000000, 0.678859
963, 10542.681081, 0.000001, -0.281567, -0.000000, 3.000000, 0.000000, 0.192484
964, 10553.628829, -0.000002, -0.198855, 0.000000, 3.000000, 0.000000, 0.849488
965, 10564.576577, 0.000001, -0.315971, -0.000000, 3.000000, 0.000000, 0.041971
966, 10575.524324, -0.000001, -0.169606, 0.000000, 3.000000, 0.000000, 0.851683
967, 10586.472072, -0.000001, -0.325950, 0.000000, 3.000000, 0.000000, 0.190380
968, 10597.419820, 0.000001, -0.173265, -0.000000, 3.000000, 0.000000, 0.681419
969, 10608.367568, -0.000002, -0.302501, 0.000000, 3.000000, 0.000000, 0.360644
970, 10619.315315, 0.000001, -0.208760, -0.000001, 3.000000, 0.000000, 0.510881
971, 10630.263063, -0.000002, -0.270770, 0.000000, 3.000000, 0.000000, 0.531547
972, 10641.210811, 0.000001, -0.248057, -0.000000, 3.000000, 0.000000, 0.339704
973, 10652.158559, -0.000002, -0.226205, 0.000000, 3.000000, 0.000000, 0.702176
974, 10663.106306, 0.000001, -0.283907, -0.000000, 3.000000, 0.000000, 0.169715
975, 10674.054054, -0.000002, -0.190304, 0.000000, 3.000000, 0.000000, 0.871982
976, 10685.001802, 0.000001, -0.317333, -0.000000, 3.000000, 0.000000, 0.042703
977, 10695.949550, -0.000001, -0.166537, 0.000000, 3.000000, 0.000000, 0.828548
978, 10706.897297, -0.000001, -0.321412, 0.000000, 3.000000, 0.000000, 0.213241
979, 10717.845045, 0.000001, -0.175061, -0.000000, 3.000000, 0.000000, 0.657827
980, 10728.792793, -0.000002, -0.296572, 0.000000, 3.000000, 0.000000, 0.383595
981, 10739.740541, 0.000001, -0.212352, -0.000001, 3.000000, 0.000000, 0.487473
982, 10750.688288, -0.000002, -0.262960, 0.000000, 3.000000, 0.000000, 0.554042
983, 10761.636036, 0.000001, -0.251534, -0.000000, 3.000000, 0.000000, 0.317666
984, 10772.583784, -0.000002, -0.219278, 0.000000, 3.000000, 0.000000, 0.724579
985, 10783.531532, 0.000001, -0.286954, -0.000000, 3.000000, 0.000000, 0.147220
986, 10794.479279, -0.000002, -0.184481, 0.000000, 3.000000, 0.000000, 0.871434
987, 10805.427027, 0.000001, -0.318760, -0.000000, 3.000000, 0.000000, 0.065472
988, 10816.374775, -0.000001, -0.163523, 0.000000, 3.000000, 0.000000, 0.806053
989, 10827.322523, -0.000001, -0.316194, 0.000000, 3.000000, 0.000000, 0.236284
990, 10838.270270, 0.000001, -0.177691, -0.000000, 3.000000, 0.000000, 0.635059
991, 10849.218018, -0.000002, -0.291490, 0.000000, 3.000000, 0.000000, 0.405907
992, 10860.165766, 0.000001, -0.215898, -0.000001, 3.000000, 0.000000, 0.464795
993, 10871.113514, -0.000002, -0.255337, 0.000000, 3.000000, 0.000000, 0.576262
994, 10882.061261, 0.000001, -0.254211, -0.000000, 3.000000, 0.000000, 0.294349
995, 10893.009009, -0.000002, -0.212059, 0.000000, 3.000000, 0.000000, 0.747074
996, 10903.956757, 0.000001, -0.288545, -0.000000, 3.000000, 0.000000, 0.123720
997, 10914.904505, -0.000002, -0.176330, 0.000000, 3.000000, 0.000000, 0.871342
998, 10925.852252, 0.000001, -0.319863, -0.000000, 3.000000, 0.000000, 0.088424
999, 10936.800000, -0.000000, -0.161784, -0.000000, 3.000000, 0.000000, 0.783376
